timestamp,MT_000018_consumption,MT_000019_consumption,MT_000020_consumption,MT_000021_consumption,MT_000022_consumption,total_consumption_kw,feeder_id
2026-04-26 12:44:01.333984,44.09463302837255,28.85147032896486,21.545280037325842,4.466780231603189,27.54569078158029,126.50385440784673,FD_0003
2026-04-26 12:59:01.333984,41.51746813112997,26.148797474046777,20.709569489056015,4.6831708254009365,29.72005879065225,122.77906471028595,FD_0003
2026-04-26 13:14:01.333984,41.90395067522679,28.02047397579584,23.442981773482593,4.136981549822946,29.11136235823612,126.61575033256429,FD_0003
2026-04-26 13:29:01.333984,,27.108852588246105,24.421374956296486,4.065905426757135,24.10016934784624,79.69630231914596,FD_0003
2026-04-26 13:44:01.333984,,28.579684243455358,23.81808075429825,,26.595583706243417,78.99334870399703,FD_0003
2026-04-26 13:59:01.333984,43.453315267617256,29.966849844888362,26.517208923502498,3.8987426127338836,26.952410345205337,130.78852699394733,FD_0003
2026-04-26 14:14:01.333984,41.8905215237609,33.776739483323176,32.16247966695361,4.22576272892882,29.786742803955946,141.84224620692243,FD_0003
2026-04-26 14:29:01.333984,42.89933643881076,33.946609521533446,23.758485183956296,4.153020046379627,26.380097730920333,131.13754892160046,FD_0003
2026-04-26 14:44:01.333984,44.61361760843715,32.284477836952654,26.995066693083178,4.127973598929356,27.911763608998392,135.93289934640072,FD_0003
2026-04-26 14:59:01.333984,47.065689871175906,36.19136152412547,28.2131345199199,5.439299416741852,,116.90948533196313,FD_0003
2026-04-26 15:14:01.333984,43.08692485973992,35.272679675613574,29.273280392625264,4.555718591686895,27.63518688305281,139.8237904027185,FD_0003
2026-04-26 15:29:01.333984,47.0955348291845,36.873883947599694,26.125641798703267,4.869113416793405,35.71506991097161,150.67924390325248,FD_0003
2026-04-26 15:44:01.333984,45.63850432140805,34.029177981957275,25.82353852717223,3.6590983283937195,27.146701705405096,136.2970208643364,FD_0003
2026-04-26 15:59:01.333984,41.873029528897085,34.598091012095296,27.30838849853177,4.1138693570999,28.04213342794383,135.9355118245679,FD_0003
2026-04-26 16:14:01.333984,46.616318068566514,,26.950775538165622,3.7651690858255766,26.229642746769716,103.56190543932742,FD_0003
2026-04-26 16:29:01.333984,44.060275893229914,34.49015316271277,26.867328880243264,5.1892093542683035,26.459574612651608,137.06654190310587,FD_0003
2026-04-26 16:44:01.333984,46.00019883210441,34.292617361944394,26.692239547108965,4.98405344476011,30.768620838882253,142.73773002480013,FD_0003
2026-04-26 16:59:01.333984,45.368915126845074,34.98667295827579,25.9413246819198,3.9926950976811164,31.988413853131576,142.27802171785336,FD_0003
2026-04-26 17:14:01.333984,42.206895234691146,34.09902705189761,37.48884130794863,6.120342452066303,44.33414455996812,164.2492506065718,FD_0003
2026-04-26 17:29:01.333984,43.62049794548178,35.751697963518524,38.22295153142552,6.078296586899677,39.743534480520246,163.41697850784576,FD_0003
2026-04-26 17:44:01.333984,45.31328465012061,33.78571575656259,37.80976582311786,6.91648663134619,41.917420542416615,165.74267340356386,FD_0003
2026-04-26 17:59:01.333984,44.79622619835848,34.57609472706187,36.939929246510204,7.053703429491808,40.29109765985949,163.65705126128185,FD_0003
2026-04-26 18:14:01.333984,42.08040632388909,35.60463447733474,51.60962314139049,,60.537302741606915,189.83196668422124,FD_0003
2026-04-26 18:29:01.333984,39.17997377224076,34.77742820858863,50.642027480710205,8.444626312874423,52.290521368799055,185.33457714321307,FD_0003
2026-04-26 18:44:01.333984,41.59660005875355,34.886321886780465,56.154611203372966,9.221656936109001,55.56485834294685,197.42404842796284,FD_0003
2026-04-26 18:59:01.333984,41.343350681663445,34.96567386109791,49.75542493032961,8.678389478062511,54.6487360513916,189.3915750025451,FD_0003
2026-04-26 19:14:01.333984,37.50786453630088,34.5131682092225,65.26177203235287,,72.52967873644685,209.8124835143231,FD_0003
2026-04-26 19:29:01.333984,39.241872550968885,34.69222605739815,62.44380652302945,10.941185008601805,69.76792250737572,217.087012647374,FD_0003
2026-04-26 19:44:01.333984,36.28074239521202,33.35053579509928,59.683048468184175,9.543588340269938,71.46837739768343,210.32629239644882,FD_0003
2026-04-26 19:59:01.333984,39.39314703754155,,63.50858992242572,10.22369997530109,71.46931314937056,184.59475008463892,FD_0003
2026-04-26 20:14:01.333984,12.630331492384368,36.755712800577506,55.831567487484676,9.891182365563859,61.590807577452495,176.6996017234629,FD_0003
2026-04-26 20:29:01.333984,10.431114039979859,34.75008851206607,54.964777896102866,9.637127681910481,59.53107931829187,169.31418744835116,FD_0003
2026-04-26 20:44:01.333984,11.001062902199138,37.89594254756872,54.3574933762251,10.606789526617321,63.46756592773123,177.3288542803415,FD_0003
2026-04-26 20:59:01.333984,14.88054879683917,34.455985879563066,58.008033277960564,9.337421368129272,62.84016601402879,179.52215533652085,FD_0003
2026-04-26 21:14:01.333984,,33.80691942155477,45.245632778029176,8.040282589191143,55.426699950192166,142.51953473896725,FD_0003
2026-04-26 21:29:01.333984,13.80503395152251,,47.883183625228476,7.2096413385360725,47.862814199365204,116.76067311465226,FD_0003
2026-04-26 21:44:01.333984,13.25511760754917,37.05290680465316,45.88715608761431,7.596333948234378,54.68464863661504,158.47616308466604,FD_0003
2026-04-26 21:59:01.333984,12.199388321370968,37.35977986399526,46.18263467849676,7.937693089400299,57.04472722159841,160.7242231748617,FD_0003
2026-04-26 22:14:01.333984,13.22695482847698,20.59838614487023,15.028707409553668,1.61893430196887,15.456169972750978,65.92915265762073,FD_0003
2026-04-26 22:29:01.333984,9.991124691600389,20.119432051202818,14.65963950876872,2.2793364679161776,17.237282332996237,64.28681505248434,FD_0003
2026-04-26 22:44:01.333984,13.559966473606906,21.525316670892654,14.189193822671236,1.631321966312837,17.434234650443877,68.34003358392751,FD_0003
2026-04-26 22:59:01.333984,15.776976568140824,21.32855201256519,11.51361060715873,2.0308084061271394,12.41329644538266,63.06324403937454,FD_0003
2026-04-26 23:14:01.333984,15.93475381330806,22.20200924090753,6.540644817808725,2.2170108393017385,13.19942582779215,60.0938445391182,FD_0003
2026-04-26 23:29:01.333984,13.385044260305888,17.218003455496913,13.348331314209743,1.9663673290137513,16.234402005905686,62.15214836493198,FD_0003
2026-04-26 23:44:01.333984,13.182822890719324,18.18887015979436,16.77635976510576,1.859325875593522,10.640493876117233,60.6478725673302,FD_0003
2026-04-26 23:59:01.333984,12.34280279925467,19.603343742616993,13.455269694013573,2.1044831705243845,13.409860692704175,60.9157600991138,FD_0003
2026-04-27 00:14:01.333984,14.48832126778793,20.894676653359703,11.404054951222726,1.8380723682288085,6.1287987932044174,54.753924033803585,FD_0003
2026-04-27 00:29:01.333984,11.143172209975656,20.08928805305182,8.318322807786233,1.8467278863840795,10.741965427040878,52.13947638423866,FD_0003
2026-04-27 00:44:01.333984,10.634739549415679,22.48639911007379,16.374588033236673,1.8989561792106717,12.660518520511651,64.05520139244845,FD_0003
2026-04-27 00:59:01.333984,15.33505438570055,21.954228291037964,5.908221738700348,2.0323761972483907,16.794825240410752,62.024705853098006,FD_0003
2026-04-27 01:14:01.333984,12.071240789176187,22.389030113811597,16.661284532422886,1.4073925036502763,13.219150531511385,65.74809847057233,FD_0003
2026-04-27 01:29:01.333984,11.69580468178323,20.909703227711088,9.386292603761595,1.5501580589641497,9.206378258425303,52.74833683064537,FD_0003
2026-04-27 01:44:01.333984,9.822024735157711,21.22693944546383,10.852997769136735,1.784707353018008,12.910585575741829,56.59725487851811,FD_0003
2026-04-27 01:59:01.333984,13.37696735055397,22.033495182266787,12.268170890785404,,16.700741460558724,64.37937488416489,FD_0003
2026-04-27 02:14:01.333984,14.482408235703895,18.710746764034916,13.100407157959568,1.6973969874852797,16.148462767235486,64.13942191241914,FD_0003
2026-04-27 02:29:01.333984,14.527097537270599,19.96989922496973,12.524387886688505,,9.185494619782967,56.206879268711795,FD_0003
2026-04-27 02:44:01.333984,14.453317059669663,19.861560030684434,13.748686829881395,1.6524850220678413,12.971924709175264,62.68797365147859,FD_0003
2026-04-27 02:59:01.333984,,19.714330402416426,11.220635234647983,2.206371492673951,15.748678377455944,48.890015507194306,FD_0003
2026-04-27 03:14:01.333984,14.218759273891116,21.923161857868816,10.849344062760803,1.8099762203286751,16.049406830941827,64.85064824579123,FD_0003
2026-04-27 03:29:01.333984,12.942119935335969,20.56835532172277,7.983460074435576,2.2812968206184605,13.81305468452524,57.58828683663801,FD_0003
2026-04-27 03:44:01.333984,11.584142210776923,21.84912787066404,8.266180784403716,1.8480716776510266,13.363136341753155,56.910658885248864,FD_0003
2026-04-27 03:59:01.333984,13.920034868731522,19.627214767850294,12.744434918252722,1.8313455365595352,10.113817200761169,58.23684729215524,FD_0003
2026-04-27 04:14:01.333984,13.7891026336567,20.093458145925236,9.892198506025995,2.2800095736332784,11.733951601497795,57.788720460739,FD_0003
2026-04-27 04:29:01.333984,13.476961571832412,19.422443211043838,9.12165244080988,,17.14974039954907,59.1707976232352,FD_0003
2026-04-27 04:44:01.333984,12.007497672989958,19.271168735743736,10.619236066600783,1.5557613958260479,,43.45366387116052,FD_0003
2026-04-27 04:59:01.333984,13.867112607038191,20.673624053584746,11.972621199926996,1.4199406964417474,11.450737822080987,59.384036379072676,FD_0003
2026-04-27 05:14:01.333984,12.046393756685433,17.436165806977076,13.230441498893851,1.9766494216842254,13.193534194359165,57.883184678599754,FD_0003
2026-04-27 05:29:01.333984,12.186662469838549,19.14236141871656,13.89680315537742,2.1043193637890796,15.454734319113468,62.78488072683508,FD_0003
2026-04-27 05:44:01.333984,15.155732400870338,19.532021900764256,11.327028969624523,2.6319557631694774,10.142910102626104,58.7896491370547,FD_0003
2026-04-27 05:59:01.333984,13.613436381274628,19.5064456241473,14.456648368650125,2.4835369753124166,16.122537190945756,66.18260454033023,FD_0003
2026-04-27 06:14:01.333984,12.19524505666671,26.80265222099964,31.917492935945514,6.602874014398813,37.794614887134315,115.312879115145,FD_0003
2026-04-27 06:29:01.333984,14.050066346999557,28.58562989205694,36.48134329671076,6.020816110280103,44.63475763824626,129.77261328429364,FD_0003
2026-04-27 06:44:01.333984,13.495918931241139,26.817702279760336,30.103404852172577,4.909694549970161,38.0493485584983,113.37606917164251,FD_0003
2026-04-27 06:59:01.333984,12.47437394957228,28.141759639067942,36.80847335400778,5.625497277304204,39.21305718201851,122.26316140197073,FD_0003
2026-04-27 07:14:01.333984,11.518373646465811,26.34729544873122,47.9515591375322,7.923053959404163,51.82855247630278,145.56883466843618,FD_0003
2026-04-27 07:29:01.333984,12.524968890713994,26.210045104261937,44.25576771043772,7.628310982002921,53.381360618362905,144.00045330577947,FD_0003
2026-04-27 07:44:01.333984,14.275388398012604,24.715081142260104,46.60193924645812,7.591719461644302,49.14633218480975,142.3304604331849,FD_0003
2026-04-27 07:59:01.333984,12.18534257315071,27.350209893108612,43.32127906461964,7.820490989586268,54.43486900447146,145.1121915249367,FD_0003
2026-04-27 08:14:01.333984,38.291054259665046,29.506862571394674,38.286536369479585,6.590977915875528,43.162665202791686,155.83809631920653,FD_0003
2026-04-27 08:29:01.333984,40.41461315970325,27.870528393551268,40.20399327533362,6.0416270768766624,46.299488478540376,160.83025038400518,FD_0003
2026-04-27 08:44:01.333984,41.443338212019995,31.43347677514803,41.27986343018454,6.568684025422755,45.783506478420676,166.50886892119598,FD_0003
2026-04-27 08:59:01.333984,38.9720072683061,30.019991633052406,43.679983255026755,7.385575560319671,47.89012623416929,167.9476839508742,FD_0003
2026-04-27 09:14:01.333984,38.763896512846024,28.895400296809644,24.942141201313245,4.8094993317047985,28.46775890535726,125.87869624803098,FD_0003
2026-04-27 09:29:01.333984,41.79688975157753,29.84270497116076,20.991377928180434,3.8071914327574143,24.22528651457268,120.66345059824883,FD_0003
2026-04-27 09:44:01.333984,38.43492627064609,27.559639654399597,26.02481495668553,3.714308929432532,24.523300272813696,120.25699008397746,FD_0003
2026-04-27 09:59:01.333984,37.44614506589642,27.433903509469854,18.620794191631234,3.5140096836358565,25.262620063353797,112.27747251398716,FD_0003
2026-04-27 10:14:01.333984,44.99056256725598,28.34239386358323,21.339815479895435,3.72978767646244,20.78470696472702,119.1872665519241,FD_0003
2026-04-27 10:29:01.333984,41.80873896425696,29.241761956284634,19.830865335060672,4.515681721403346,26.69823748450848,122.0952854615141,FD_0003
2026-04-27 10:44:01.333984,46.15613316645681,28.759897777905746,24.70640517501365,3.8058693097134753,28.598496646762086,132.02680207585178,FD_0003
2026-04-27 10:59:01.333984,41.94931399833267,27.65000930740896,,3.6019953918678973,29.284584632075784,102.48590332968533,FD_0003
2026-04-27 11:14:01.333984,43.907837227309535,26.774094389556083,22.86842248051488,3.7296351432108223,26.575081798494814,123.85507103908614,FD_0003
2026-04-27 11:29:01.333984,46.83781548386522,30.161734990386375,23.237015175087848,3.7467800296257465,31.6286496529201,135.61199533188528,FD_0003
2026-04-27 11:44:01.333984,46.88034783190472,28.383576874101298,21.069375368662364,4.314046677130927,27.18282876818047,127.83017551997979,FD_0003
2026-04-27 11:59:01.333984,41.14627389178723,29.844666763160976,22.40824010137945,3.287802438324568,23.352207632245122,120.03919082689734,FD_0003
2026-04-27 12:14:01.333984,44.946433306297024,28.90260223274847,20.23714211589658,4.718415677129052,22.53021556810329,121.33480890017442,FD_0003
2026-04-27 12:29:01.333984,43.77991311947453,25.9190078639902,25.871314128785276,3.8441050762893125,25.249877960857248,124.66421814939656,FD_0003
2026-04-27 12:44:01.333984,40.90438736992448,27.04438131541378,23.522241477181126,3.6357215482532705,27.736610545278843,122.8433422560515,FD_0003
2026-04-27 12:59:01.333984,45.10130998234459,26.86278666588074,22.3898624151453,3.568009936285089,22.698157169198115,120.62012616885384,FD_0003
2026-04-27 13:14:01.333984,43.1404161814784,28.428165071582313,,4.085404455762663,27.436431505822114,103.09041721464548,FD_0003
2026-04-27 13:29:01.333984,42.952375002643464,28.37709135922055,26.426168245922515,4.21325188232853,26.493799497406243,128.4626859875213,FD_0003
2026-04-27 13:44:01.333984,43.01487269223717,27.99069848577158,28.133505827874853,3.934662267643156,29.025135723240787,132.09887499676756,FD_0003
2026-04-27 13:59:01.333984,44.29924206029292,29.703070086776926,22.70738009271803,4.384816134942534,23.649164196987343,124.74367257171775,FD_0003
2026-04-27 14:14:01.333984,45.71505024932333,33.3560557046473,23.363692059678762,4.03824990760088,24.854321772120112,131.32736969337037,FD_0003
2026-04-27 14:29:01.333984,41.71246173556024,35.487156302247115,22.748317261699064,3.815701440405679,24.352416184881868,128.11605292479396,FD_0003
2026-04-27 14:44:01.333984,44.36943181698145,34.336518297309716,20.955915673848548,3.926094579069606,24.897364417996744,128.48532478520607,FD_0003
2026-04-27 14:59:01.333984,42.13318386836883,35.27056557497597,21.626322994779276,4.545611976785758,30.137828406363255,133.71351282127307,FD_0003
2026-04-27 15:14:01.333984,44.68584709405006,35.51745570569287,24.99699120591259,3.6016690809502854,26.450149276176738,135.25211236278255,FD_0003
2026-04-27 15:29:01.333984,49.51673293309689,37.24327203795482,20.118155375653146,4.070343578266401,29.6169290650676,140.56543299003886,FD_0003
2026-04-27 15:44:01.333984,,34.14430818738065,21.44994981633359,3.853032006603238,27.030870393081937,86.47816040339941,FD_0003
2026-04-27 15:59:01.333984,44.91965087563263,35.35236212714129,24.641461476531823,4.110614110849687,,109.02408859015542,FD_0003
2026-04-27 16:14:01.333984,45.49584386468275,31.083474967826326,21.582152615306704,4.394868333827959,23.801172189873768,126.35751197151751,FD_0003
2026-04-27 16:29:01.333984,43.03531357830971,33.818542905338894,26.19610046100611,4.056133663209064,27.737740382066505,134.84383098993027,FD_0003
2026-04-27 16:44:01.333984,43.247689403540654,33.745297321333545,29.61213198439384,4.033112066393689,,110.63823077566173,FD_0003
2026-04-27 16:59:01.333984,44.014068705844316,32.64872135662597,25.29143965586824,3.2591686567752176,28.258339726578882,133.4717381016926,FD_0003
2026-04-27 17:14:01.333984,44.26505223751094,34.63032086142663,34.39694634778286,6.422390725372753,40.46732759460343,160.18203776669662,FD_0003
2026-04-27 17:29:01.333984,44.66984619882581,36.268169915795845,32.83806646839437,6.350190819350036,36.94914185655344,157.07541525891952,FD_0003
2026-04-27 17:44:01.333984,43.83674576381007,35.89428390077817,35.36386627826475,5.439726312646065,39.34407995215947,159.87870220765853,FD_0003
2026-04-27 17:59:01.333984,47.052521464618486,34.26530262032613,40.40290212116949,5.465114075238579,40.71001379069264,167.89585407204532,FD_0003
2026-04-27 18:14:01.333984,38.34622609083143,35.088900247879735,45.24735780846563,8.156918654134072,55.40024687325866,182.23964967456953,FD_0003
2026-04-27 18:29:01.333984,42.054904528828985,35.87930017532207,47.3363093489517,8.062375177676941,51.63296540845223,184.96585463923194,FD_0003
2026-04-27 18:44:01.333984,38.60498950898344,,48.186871678408814,7.441703787650479,53.36740183408972,147.60096680913244,FD_0003
2026-04-27 18:59:01.333984,37.41135795656425,35.86614891029816,44.29359792745637,7.144275928793416,53.60940971363173,178.32479043674394,FD_0003
2026-04-27 19:14:01.333984,38.89928659971304,34.226072486002906,62.01297140693109,9.378990647949077,67.22419758662701,211.7415187272231,FD_0003
2026-04-27 19:29:01.333984,36.18515577188695,35.50717218383202,56.968241248398634,10.05318609771512,60.75541124605283,199.46916654788555,FD_0003
2026-04-27 19:44:01.333984,40.97517118870935,33.08501237093263,,9.532134261564648,66.05577970686713,149.64809752807378,FD_0003
2026-04-27 19:59:01.333984,39.16416288498917,33.84171325674148,55.484359653666566,9.47679083320885,65.91955592483282,203.88658255343887,FD_0003
2026-04-27 20:14:01.333984,13.038369580068261,32.995393145093594,51.96905015374604,8.993849110532416,60.5115725981827,167.508234587623,FD_0003
2026-04-27 20:29:01.333984,11.69834485745883,33.44563517678643,54.71839041750309,8.90822326456391,57.476234343749425,166.2468280600617,FD_0003
2026-04-27 20:44:01.333984,11.564091064761985,36.7782607719715,57.473145407441024,9.807930230550127,54.296255626292556,169.9196831010172,FD_0003
2026-04-27 20:59:01.333984,14.014268026541597,34.032406213759025,52.94988664702702,9.526927227287313,61.76351419696153,172.2870023115765,FD_0003
2026-04-27 21:14:01.333984,18.843288149610515,36.64595550034319,39.10443184857464,6.813510961796081,42.63423762771663,144.04142408804105,FD_0003
2026-04-27 21:29:01.333984,14.066164257654124,36.33636520394505,39.674978467056896,7.219284412484832,43.83883197799532,141.1356243191362,FD_0003
2026-04-27 21:44:01.333984,13.628062364124656,38.57081290504979,42.8553496833395,7.571324892677316,42.61845308015495,145.2440029253462,FD_0003
2026-04-27 21:59:01.333984,16.056894941214427,36.65009818230059,42.235168347459584,6.787915788994124,43.471556036448504,145.20163329641724,FD_0003
2026-04-27 22:14:01.333984,15.241049008982236,21.741031010642914,12.875651272952242,2.2071163234036084,14.302408399176455,66.36725601515745,FD_0003
2026-04-27 22:29:01.333984,13.170955298372373,22.61995803395309,13.535786324818911,1.7572243554674372,13.190502707625336,64.27442672023714,FD_0003
2026-04-27 22:44:01.333984,13.78618942432887,22.117549496125893,12.442915975362501,1.8671274659136359,12.024015934923142,62.23779829665404,FD_0003
2026-04-27 22:59:01.333984,10.17233520356771,19.510374404411692,11.634181633106621,1.8516045403151071,14.746017659349251,57.91451344075038,FD_0003
2026-04-27 23:14:01.333984,12.15396372817665,20.344761932651167,7.279125382762263,2.2796670756139097,6.1840389701021055,48.24155708930609,FD_0003
2026-04-27 23:29:01.333984,11.503395976710635,21.78101326534944,12.752760478864888,2.313623800433763,9.974758179105676,58.3255517004644,FD_0003
2026-04-27 23:44:01.333984,14.307441489381421,22.903324074798586,11.215338716671996,1.7005473803144449,15.82491928861462,65.95157094978107,FD_0003
2026-04-27 23:59:01.333984,14.58820768245929,21.980703756045386,9.37707892480233,1.8292297237140691,17.952995190492842,65.72821527751393,FD_0003
2026-04-28 00:14:01.333984,13.776556872235005,19.24732587834663,11.9984284611236,2.134980658029843,8.386386267778118,55.5436781375132,FD_0003
2026-04-28 00:29:01.333984,13.053136127997533,20.35096934958739,11.077318247931814,1.4245393780894866,11.641929350349544,57.54789245395576,FD_0003
2026-04-28 00:44:01.333984,12.250075915452133,21.490925056233277,11.658692240902592,1.7304207366231195,13.359285439303322,60.48939938851444,FD_0003
2026-04-28 00:59:01.333984,,20.648888727002067,11.739121429977985,1.8371514083347977,10.67722456539424,44.90238613070909,FD_0003
2026-04-28 01:14:01.333984,12.724048594884835,21.46704374981658,14.262528861102467,3.023774618873327,15.23075717993308,66.7081530046103,FD_0003
2026-04-28 01:29:01.333984,14.19683198154147,22.771412242032344,9.736916893376955,2.6051510806282097,11.156539741540357,60.46685193911934,FD_0003
2026-04-28 01:44:01.333984,12.057796452688084,20.935783950304927,12.225029468471948,1.9353899969528778,15.350643408748743,62.504643277166586,FD_0003
2026-04-28 01:59:01.333984,9.373680745280854,21.18294332157461,9.823190399617722,2.0577880074091834,16.24318987890886,58.68079235279123,FD_0003
2026-04-28 02:14:01.333984,11.71469577799549,21.820398100338892,12.314888166877724,2.2829389400261237,11.307531982288177,59.4404529675264,FD_0003
2026-04-28 02:29:01.333984,14.746881461625932,21.34386940514815,11.294225785135591,2.3667376036503156,15.574016106876627,65.32573036243662,FD_0003
2026-04-28 02:44:01.333984,11.982130509718576,18.514768278012447,9.611270800588674,1.996442143280762,9.011361568984988,51.115973300585445,FD_0003
2026-04-28 02:59:01.333984,14.350678950770572,20.521446564152892,12.054774362017653,1.9151511648158541,10.622041020093413,59.46409206185039,FD_0003
2026-04-28 03:14:01.333984,14.20517937414907,22.249263536797052,13.45603787020172,2.6051697700280205,10.582739693963438,63.0983902451393,FD_0003
2026-04-28 03:29:01.333984,14.556709898482847,22.827805091566017,10.20489948839756,1.9171554989039117,13.04945580028376,62.55602577763409,FD_0003
2026-04-28 03:44:01.333984,16.687425604779342,21.48045907581115,14.783936436642758,2.212634323932985,13.750417975851587,68.91487341701783,FD_0003
2026-04-28 03:59:01.333984,12.750062638053624,18.92025229840537,8.887046769011272,1.5064447882212977,13.8361389087619,55.899945402453454,FD_0003
2026-04-28 04:14:01.333984,11.740797455025344,20.74054972732422,10.480509152889184,1.5073575326231117,11.012541276624155,55.481755144486016,FD_0003
2026-04-28 04:29:01.333984,13.745314708376961,20.317990132180487,11.253678743474808,1.5036513923691732,13.900663629750785,60.72129860615222,FD_0003
2026-04-28 04:44:01.333984,16.957416465936895,22.898824628143014,,2.010547343854944,10.789359713933703,52.65614815186855,FD_0003
2026-04-28 04:59:01.333984,12.459391668339823,20.29481224479123,9.618539150825518,1.71682464335625,9.824924479258417,53.91449218657124,FD_0003
2026-04-28 05:14:01.333984,12.542282145004894,18.248407657213804,15.70770090323178,1.9792822583634335,12.368260521095431,60.84593348490934,FD_0003
2026-04-28 05:29:01.333984,14.987995107768757,21.475171522150305,10.678437137423266,1.5903585706402978,12.899006106126466,61.63096844410909,FD_0003
2026-04-28 05:44:01.333984,13.360201793143824,19.617574055880432,13.481349465954219,2.1628812795890373,15.005679373870791,63.6276859684383,FD_0003
2026-04-28 05:59:01.333984,11.364180601271705,20.213872956257344,9.659664957568156,2.0443178648217692,11.447134739564335,54.72917111948331,FD_0003
2026-04-28 06:14:01.333984,14.66895933621185,28.035006554405967,34.34036013282781,5.298746759557471,34.665457811077424,117.00853059408053,FD_0003
2026-04-28 06:29:01.333984,13.711657388714809,26.659021730707174,36.44609834836829,5.322076749223574,40.303335850705416,122.44219006771925,FD_0003
2026-04-28 06:44:01.333984,11.37806067516575,30.60120068627097,33.58681792693775,5.3228853277424335,43.20669036515472,124.09565498127162,FD_0003
2026-04-28 06:59:01.333984,16.485974741452484,27.7266470087927,42.431692410641546,5.830158499074235,40.896848953871135,133.3713216138321,FD_0003
2026-04-28 07:14:01.333984,15.064361917601664,25.60089584371522,51.093714471072666,7.7621776404002505,54.45120295387188,153.97235282666168,FD_0003
2026-04-28 07:29:01.333984,11.673542309647443,27.947850891210383,49.23457792596513,8.501711776100475,50.66111919588974,148.01880209881318,FD_0003
2026-04-28 07:44:01.333984,11.043554766858414,27.832523021453163,48.30404117720455,,52.74081417228032,139.92093313779645,FD_0003
2026-04-28 07:59:01.333984,11.701726982945464,27.239726405664257,45.26722120870628,,53.01319778956943,137.22187238688542,FD_0003
2026-04-28 08:14:01.333984,39.792648181077425,28.060351272715494,38.93249266672648,6.446546198384831,45.91649482611479,159.14853314501903,FD_0003
2026-04-28 08:29:01.333984,40.98743942094939,28.33219609345958,42.33079434580237,6.491728274421867,45.100371794617935,163.24252992925113,FD_0003
2026-04-28 08:44:01.333984,36.1214753712985,26.163910424626458,45.026955030059476,7.348533323907563,42.40887680498653,157.06975095487851,FD_0003
2026-04-28 08:59:01.333984,40.57224382482273,28.92373551009668,42.00548700750831,7.0019574770955,45.808670478863455,164.31209429838668,FD_0003
2026-04-28 09:14:01.333984,40.599725158228146,27.759844361762596,22.916419012278297,3.889255114503046,29.866275416842463,125.03151906361455,FD_0003
2026-04-28 09:29:01.333984,42.1570627506984,27.418293382759384,20.505745233310165,3.909081635675467,27.047417021918495,121.03760002436191,FD_0003
2026-04-28 09:44:01.333984,39.27800325599941,28.705024012188144,21.30899683284866,4.322699488374488,26.23539059461523,119.85011418402593,FD_0003
2026-04-28 09:59:01.333984,38.702167464683406,25.666362098817157,24.82659077333777,4.480146852840281,29.115437398018393,122.79070458769701,FD_0003
2026-04-28 10:14:01.333984,42.49779934392869,28.16634018644612,17.846830382339007,3.954252376528146,25.020704727559334,117.4859270168013,FD_0003
2026-04-28 10:29:01.333984,47.2754564247816,27.780751270094804,21.417915975745935,3.4139974041024703,,99.88812107472481,FD_0003
2026-04-28 10:44:01.333984,45.386294262697554,27.940285550512996,23.550629518549407,4.18140886024572,26.732959119266503,127.79157731127219,FD_0003
2026-04-28 10:59:01.333984,44.17503249810831,27.777462059234576,30.261884256469422,4.083296091802425,,106.29767490561474,FD_0003
2026-04-28 11:14:01.333984,43.44983515968545,26.29055289766681,23.93731853032706,4.236310207422065,24.402220470625693,122.31623726572708,FD_0003
2026-04-28 11:29:01.333984,44.48538227279749,28.657347641410475,25.099477012028096,4.178427808546825,29.578950130007698,131.9995848647906,FD_0003
2026-04-28 11:44:01.333984,42.5137816229505,26.783511502269004,26.373425671108752,3.621438610311083,24.157426376306883,123.44958378294623,FD_0003
2026-04-28 11:59:01.333984,43.04225644820831,25.577699536383307,19.23517221508689,3.6973041008202245,31.069318610230805,122.62175091072955,FD_0003
2026-04-28 12:14:01.333984,44.224861631333546,27.050679332508476,24.839902944471433,4.450078304746191,30.729830352494616,131.29535256555425,FD_0003
2026-04-28 12:29:01.333984,43.431849201780224,27.16748687707332,22.371081845892014,3.902679218692035,25.88207848790404,122.75517563134163,FD_0003
2026-04-28 12:44:01.333984,44.005798629656795,26.33385703821915,23.591352273881828,4.534734538123748,25.605444542398462,124.07118702227997,FD_0003
2026-04-28 12:59:01.333984,43.77515439838271,26.283635862593265,24.105724731384612,4.2218107524653945,23.91386887508189,122.30019461990786,FD_0003
2026-04-28 13:14:01.333984,45.2981533847614,29.121674598032254,25.867570789396026,3.7763462220604413,25.40269677940955,129.46644177365965,FD_0003
2026-04-28 13:29:01.333984,45.24965839614954,27.637399783551366,24.890425461452182,4.215381621901148,26.761762628310386,128.75462789136463,FD_0003
2026-04-28 13:44:01.333984,43.26182613738214,25.300719140148427,22.93986011598926,2.8734993933947774,23.431548103552228,117.80745289046683,FD_0003
2026-04-28 13:59:01.333984,41.04838014959288,26.593934140025578,24.66512766285028,3.9341372258182545,27.620112187826187,123.86169136611318,FD_0003
2026-04-28 14:14:01.333984,42.29879252013375,36.41495751712031,25.198561692794378,4.204908942662314,23.47612649875321,131.59334717146396,FD_0003
2026-04-28 14:29:01.333984,47.53225699778331,33.8495070664017,22.38856646999792,3.2584954318709283,28.32925052284973,135.35807648890358,FD_0003
2026-04-28 14:44:01.333984,44.60359457748513,35.25999826429461,23.4850490836725,3.549743819404214,20.903247515697206,127.80163326055364,FD_0003
2026-04-28 14:59:01.333984,43.88021576947638,36.67880302583193,27.526198258816635,4.373221804552341,29.036896930966087,141.49533578964338,FD_0003
2026-04-28 15:14:01.333984,42.067098477306146,33.71007825563167,23.257451937743802,4.170366551230889,24.146149786702676,127.35114500861519,FD_0003
2026-04-28 15:29:01.333984,43.86960919248335,34.12571277761558,20.768914478425337,3.4266292149417863,25.69886799758918,127.88973366105522,FD_0003
2026-04-28 15:44:01.333984,43.994376099408385,33.190903549973164,24.94894307417452,4.269944722962234,23.6614643737281,130.0656318202464,FD_0003
2026-04-28 15:59:01.333984,47.58948967195349,34.151146512256815,25.812591372457547,4.281744839860821,26.194109228515142,138.0290816250438,FD_0003
2026-04-28 16:14:01.333984,45.34970435539862,33.6402854454781,25.504150314226916,3.7198643174000576,25.06910510238706,133.28310953489074,FD_0003
2026-04-28 16:29:01.333984,41.747948951558904,37.28561224157578,27.153070156400332,4.367677437868213,26.654451718727493,137.20876050613072,FD_0003
2026-04-28 16:44:01.333984,45.47416386222149,31.967223901462457,23.63069428354143,3.659141390277082,26.6525649005577,131.38378833806016,FD_0003
2026-04-28 16:59:01.333984,44.27344759694159,33.47696202961723,21.075994872596876,3.6134666619659077,25.487363563943443,127.92723472506505,FD_0003
2026-04-28 17:14:01.333984,43.29896720838393,32.27491239834747,37.917217005994274,5.300560930079457,35.76450630748999,154.55616385029512,FD_0003
2026-04-28 17:29:01.333984,45.62617958170893,34.51683076566763,31.6352714020722,6.179718713557307,40.02683237294635,157.9848328359524,FD_0003
2026-04-28 17:44:01.333984,45.61621202598418,35.64111633297173,31.93584869231429,5.951861197491401,37.680424733708755,156.82546298247036,FD_0003
2026-04-28 17:59:01.333984,42.41416839049377,35.65061163425074,36.394665440479045,5.6435818915326,40.013182057780995,160.11620941453714,FD_0003
2026-04-28 18:14:01.333984,39.943780947505566,34.18166012402649,47.78309938997908,7.9756228190674285,54.98019154113049,184.86435482170907,FD_0003
2026-04-28 18:29:01.333984,39.27678701559467,37.01862468383708,49.53948105437059,7.51753579354481,53.632587385813544,186.9850159331607,FD_0003
2026-04-28 18:44:01.333984,40.039399019535985,34.117058735197084,46.4304432877593,8.167387564417474,51.15001415811143,179.90430276502127,FD_0003
2026-04-28 18:59:01.333984,38.997983997823376,37.039243260544495,44.54711921114687,8.216411248174467,49.14420499195892,177.94496270964814,FD_0003
2026-04-28 19:14:01.333984,39.36056439672993,36.873639013936625,59.72246581057671,9.088265218723453,64.6187693927255,209.6637038326922,FD_0003
2026-04-28 19:29:01.333984,39.994702312554665,33.76641220435439,57.48723487437988,9.65615920528396,60.57431272363024,201.47882132020314,FD_0003
2026-04-28 19:44:01.333984,40.11318062482637,34.17877282477927,61.02936849983274,9.836868401231118,63.57516696288445,208.73335731355397,FD_0003
2026-04-28 19:59:01.333984,40.460969154370936,32.96245014184141,,9.62117596331986,65.07552911343734,148.12012437296954,FD_0003
2026-04-28 20:14:01.333984,16.25558591463979,35.65000275542697,50.533639071829896,8.802933036846058,59.66018360674694,170.90234438548964,FD_0003
2026-04-28 20:29:01.333984,12.809195497596953,33.39547943792994,52.63193254400951,8.609263674646328,56.18898571579351,163.63485686997626,FD_0003
2026-04-28 20:44:01.333984,14.086406296727013,33.709852063774534,55.025706528411675,8.862779468241895,59.918813565938365,171.6035579230935,FD_0003
2026-04-28 20:59:01.333984,16.53373106924999,35.26685663553799,53.1346068461842,8.519907173423524,58.66251876404997,172.11762048844565,FD_0003
2026-04-28 21:14:01.333984,11.88079780392675,32.97596595741885,41.76327687381131,6.505338126397901,47.364254995258634,140.48963375681345,FD_0003
2026-04-28 21:29:01.333984,13.247426067443262,36.14313293043104,41.32664584090618,7.202310804738257,39.934568722773164,137.8540843662919,FD_0003
2026-04-28 21:44:01.333984,10.898494419300498,36.276509780634186,45.69615242344989,7.042222543623148,45.41375946549146,145.32713863249919,FD_0003
2026-04-28 21:59:01.333984,15.62979204937113,36.49717416556013,43.28629145323044,6.5989275030108825,44.57283374327726,146.58501891444985,FD_0003
2026-04-28 22:14:01.333984,11.140278751715721,22.950797621681048,9.82578913049317,1.9918581456488482,16.05122917093871,61.9599528204775,FD_0003
2026-04-28 22:29:01.333984,15.509435281290168,20.47549065805423,11.327124649121158,2.116344638115801,12.49928029960451,61.927675526185865,FD_0003
2026-04-28 22:44:01.333984,13.614877720949384,21.674148910710006,9.689095748876131,2.3359795526083595,12.128470595453166,59.44257252859705,FD_0003
2026-04-28 22:59:01.333984,14.861183966436618,23.25803800372442,11.404006738348517,2.059006136066132,9.987463959265586,61.56969880384126,FD_0003
2026-04-28 23:14:01.333984,12.633858463763017,18.2695229253085,12.108004416937074,1.6224299359941838,13.939229163595897,58.57304490559867,FD_0003
2026-04-28 23:29:01.333984,11.553572418967317,19.163659649122312,7.2779987230191585,2.4383806579454186,11.224207439835332,51.65781888888954,FD_0003
2026-04-28 23:44:01.333984,13.194353435618314,22.94585693451643,12.443311324991477,2.8786965435875267,14.22960037025707,65.69181860897082,FD_0003
2026-04-28 23:59:01.333984,13.359035187241105,20.45759875999368,8.277043158421488,,15.658963567929788,57.75264067358606,FD_0003
2026-04-29 00:14:01.333984,14.265024349134393,22.061589429097598,10.570694541172173,1.7089093775678081,12.11622655721109,60.72244425418306,FD_0003
2026-04-29 00:29:01.333984,13.589958825877803,22.08953132690761,12.708070929228073,2.0175893633606763,9.85770827649841,60.262858721872576,FD_0003
2026-04-29 00:44:01.333984,14.061607591519653,19.065926319697713,11.933861923136524,1.4642802952339133,9.226590191390155,55.75226632097797,FD_0003
2026-04-29 00:59:01.333984,12.93301749292919,20.921956694292916,13.642588206113034,1.0882737908827358,9.78600173439077,58.37183791860865,FD_0003
2026-04-29 01:14:01.333984,17.355462713469265,19.585089914266153,10.511523481356063,2.175215072165005,12.013959640673471,61.64125082192995,FD_0003
2026-04-29 01:29:01.333984,13.710384547309522,21.352683181639524,11.283212457050164,1.8797683164318246,12.432268220420283,60.65831672285131,FD_0003
2026-04-29 01:44:01.333984,11.941471704418156,22.012046395935005,16.619651308130774,1.9389682734357154,10.80881669181278,63.32095437373243,FD_0003
2026-04-29 01:59:01.333984,14.134098432319721,21.473193598452742,11.440162267773545,2.428536707593965,13.393370762715726,62.8693617688557,FD_0003
2026-04-29 02:14:01.333984,14.746148129469331,19.48954573713288,13.189808936902336,1.3433754475375703,11.128430931656046,59.897309182698166,FD_0003
2026-04-29 02:29:01.333984,12.97653123175072,22.456622087573365,12.466977332592872,1.4375905976659153,10.212190435073751,59.54991168465662,FD_0003
2026-04-29 02:44:01.333984,13.792554893284692,21.237371659574507,13.111381830676311,1.9299710253226294,12.809555549378693,62.880834958236825,FD_0003
2026-04-29 02:59:01.333984,10.220524968315011,20.72780894460791,9.47096261725611,2.3060163959606097,8.866244997705873,51.591557923845514,FD_0003
2026-04-29 03:14:01.333984,15.680316524400315,21.987114885065093,11.228827564511246,2.4904752173836364,12.097900963632402,63.48463515499269,FD_0003
2026-04-29 03:29:01.333984,12.619585409112283,21.163294396615107,,2.23277635301471,15.992643716528313,52.00829987527041,FD_0003
2026-04-29 03:44:01.333984,14.9567707553738,,12.953898256275453,2.377279717027811,9.493517118931003,39.78146584760807,FD_0003
2026-04-29 03:59:01.333984,13.038865674084404,21.67849084342802,13.803510543026814,2.038817135791232,7.890095542531581,58.44977973886205,FD_0003
2026-04-29 04:14:01.333984,14.660747581126955,21.177022684246975,10.142877922983022,1.4467666652491364,14.717969485315226,62.14538433892132,FD_0003
2026-04-29 04:29:01.333984,8.243977461327145,20.248230439204463,13.710352614343837,1.7824360551771197,13.615130283334542,57.60012685338711,FD_0003
2026-04-29 04:44:01.333984,12.889370797270267,19.735870681940064,13.390204562031364,2.3627359543143687,9.671573028094677,58.04975502365074,FD_0003
2026-04-29 04:59:01.333984,13.159880961755956,20.366338471230257,6.8947917697877115,1.621465757534044,12.332667924514096,54.37514488482206,FD_0003
2026-04-29 05:14:01.333984,13.810161007504632,21.783647382843334,14.911450912173896,1.3415642169294109,16.449455428679364,68.29627894813063,FD_0003
2026-04-29 05:29:01.333984,12.904790578170445,22.123147666006354,12.828360302610768,1.6605600759134176,9.717297164974504,59.23415578767548,FD_0003
2026-04-29 05:44:01.333984,9.419034152219435,21.27303731781435,10.99394160567471,1.6768484364637568,11.301625997171305,54.66448750934356,FD_0003
2026-04-29 05:59:01.333984,12.380107164825088,,20.972867874628534,1.4670663814829985,17.39729859221083,52.21734001314746,FD_0003
2026-04-29 06:14:01.333984,16.222055901219935,26.785536283638265,33.8331789302701,5.41319261846429,35.5565970909892,117.81056082458178,FD_0003
2026-04-29 06:29:01.333984,14.285797462529885,28.098892900557523,35.45177187921613,5.554444567354229,37.89577371631111,121.28668052596888,FD_0003
2026-04-29 06:44:01.333984,12.094124785174259,27.66418370746858,37.02819639502575,5.860226542107567,42.62890778084409,125.27563921062026,FD_0003
2026-04-29 06:59:01.333984,14.327844251260082,28.550348034875835,34.83655865971326,5.444476075355263,39.166475266124365,122.32570228732881,FD_0003
2026-04-29 07:14:01.333984,13.558062789197342,27.074164314306103,50.79722223750677,7.186389165123773,49.86576606649537,148.48160457262935,FD_0003
2026-04-29 07:29:01.333984,15.517662967323545,27.021599556169374,47.47150781378154,7.806058362796368,51.89880691307822,149.71563561314906,FD_0003
2026-04-29 07:44:01.333984,13.086583074354385,26.614836227569818,,8.23193949981557,53.44707831591886,101.38043711765863,FD_0003
2026-04-29 07:59:01.333984,10.651722794399127,27.44122799783496,45.7217427856206,7.832149809242779,53.48481689563278,145.13166028273025,FD_0003
2026-04-29 08:14:01.333984,41.15600484843187,27.295110580459813,35.97475972960961,6.486712150831851,46.2321285620731,157.14471587140625,FD_0003
2026-04-29 08:29:01.333984,42.00304078457968,27.375729256325045,37.07590906755478,6.795801264373743,47.676520324233415,160.9270006970667,FD_0003
2026-04-29 08:44:01.333984,41.186442119939585,28.524443708558547,40.46539369704447,6.497063552675378,43.442235678593896,160.11557875681189,FD_0003
2026-04-29 08:59:01.333984,40.26417940332275,27.945738499438804,42.476870005111586,6.240616853143219,38.319533748649775,155.24693850966614,FD_0003
2026-04-29 09:14:01.333984,41.82722847565345,28.86325086567097,23.602396664627904,3.420015659192827,24.338891055890336,122.0517827210355,FD_0003
2026-04-29 09:29:01.333984,40.28026363886276,29.169202486866595,22.71000054993846,3.4488973116706942,27.734009397131555,123.34237338447006,FD_0003
2026-04-29 09:44:01.333984,42.501436483975155,26.976195983652218,22.063815151343707,3.8109493969315302,23.79688508886378,119.1492821047664,FD_0003
2026-04-29 09:59:01.333984,39.67488695344159,29.89369954673837,20.223261867835866,2.700892701845286,23.212239297496055,115.70498036735717,FD_0003
2026-04-29 10:14:01.333984,,27.967223179451917,24.320831262199427,3.1629717495748766,25.934240478808796,81.38526667003501,FD_0003
2026-04-29 10:29:01.333984,43.705186966360934,31.03693151398856,,3.4117598215728244,26.964675347039837,105.11855364896215,FD_0003
2026-04-29 10:44:01.333984,46.5572457061213,26.40023426599357,26.589987512093206,3.402109911492607,28.55649341146654,131.50607080716722,FD_0003
2026-04-29 10:59:01.333984,42.445851563142945,27.809920206652432,22.73733562499275,3.8398935007788544,25.54491807695978,122.37791897252677,FD_0003
2026-04-29 11:14:01.333984,45.24486302524571,24.37189021942761,25.20435076532491,3.3225354160265583,27.821899434795913,125.9655388608207,FD_0003
2026-04-29 11:29:01.333984,44.473060397769785,27.785257174169413,21.920509240402872,3.632068434841601,24.700569061204714,122.51146430838838,FD_0003
2026-04-29 11:44:01.333984,45.018091225124564,27.53071674228302,23.69812946772536,3.497411586884709,26.03914684202116,125.7834958640388,FD_0003
2026-04-29 11:59:01.333984,45.07603190014855,28.176317692114193,24.40980143891323,2.80221712626217,23.917388708741967,124.38175686618011,FD_0003
2026-04-29 12:14:01.333984,44.86216317806708,27.864038140054035,25.427810877594034,3.2409099858851014,26.478105329519174,127.87302751111943,FD_0003
2026-04-29 12:29:01.333984,43.8917884656738,29.220551068607556,21.170451357743833,,25.659394565141245,119.94218545716642,FD_0003
2026-04-29 12:44:01.333984,42.516767185694476,26.53257425599818,23.729687498008555,2.7788096638547204,27.384563725773866,122.94240232932981,FD_0003
2026-04-29 12:59:01.333984,45.06121216705576,29.235520520144192,22.57516146251878,3.417801655784457,28.94129899874462,129.2309948042478,FD_0003
2026-04-29 13:14:01.333984,44.92375162176885,27.449582031984153,23.75543733806996,3.2461718019848873,24.07123468783862,123.44617748164646,FD_0003
2026-04-29 13:29:01.333984,47.40597036498089,29.624558990755727,23.15116019345456,3.291806908031373,25.77181189476417,129.24530835198672,FD_0003
2026-04-29 13:44:01.333984,42.09598656047854,27.735889358517863,28.93232572853878,3.1081551405939627,26.415383097603485,128.28773988573263,FD_0003
2026-04-29 13:59:01.333984,43.16368405754308,26.863360160721903,24.36374717597241,2.956281709005657,25.2542364348367,122.60130953807975,FD_0003
2026-04-29 14:14:01.333984,43.34115441074755,36.36108698158005,24.625212718596064,3.832541994471289,24.145142465404792,132.30513857079976,FD_0003
2026-04-29 14:29:01.333984,45.123169809923326,34.50655595843655,22.67201284129214,3.6972803411389177,25.559985650362268,131.55900460115322,FD_0003
2026-04-29 14:44:01.333984,44.65840941973349,35.57342922118109,,3.017618247167432,28.514837439025996,111.764294327108,FD_0003
2026-04-29 14:59:01.333984,44.4954112359267,35.59980622738195,20.407241141129454,3.328621674605227,24.410925783960113,128.24200606300343,FD_0003
2026-04-29 15:14:01.333984,42.776027847231,34.92534164348528,19.30464393973718,3.467247284456647,22.25366683157249,122.72692754648259,FD_0003
2026-04-29 15:29:01.333984,44.6267165957162,34.644994674399726,22.60552159120412,2.9573778578298113,24.260952392284747,129.09556311143461,FD_0003
2026-04-29 15:44:01.333984,46.53198206615339,34.347853950399674,21.257754762513944,2.813527931923922,21.90537569299747,126.8564944039884,FD_0003
2026-04-29 15:59:01.333984,44.70388868751587,34.27960701267439,22.90818691072446,3.1142027044146308,27.141956936275832,132.1478422516052,FD_0003
2026-04-29 16:14:01.333984,46.275363890219836,36.280302667645756,17.792967915789475,3.203059961638339,28.15872036328245,131.71041479857587,FD_0003
2026-04-29 16:29:01.333984,45.42392560903739,36.461031276649805,27.791028262027517,3.18834385067483,22.646495145280134,135.51082414366965,FD_0003
2026-04-29 16:44:01.333984,47.23867122559417,36.42122409668197,21.206994944854547,3.0928629513740926,28.871590257710697,136.83134347621547,FD_0003
2026-04-29 16:59:01.333984,41.71350645258084,35.567187283231114,20.731831869027634,3.1152054788610637,29.27796231395252,130.40569339765315,FD_0003
2026-04-29 17:14:01.333984,42.56344234330007,33.28723706743986,37.41601340427324,5.058030253076536,34.47922211441388,152.80394518250358,FD_0003
2026-04-29 17:29:01.333984,43.66628761134426,34.990806620495945,37.54356826786943,5.761878924176523,38.207002590561764,160.16954401444792,FD_0003
2026-04-29 17:44:01.333984,43.9166950399741,33.04184162495072,34.437241233488926,6.499013084836812,36.628102929456524,154.52289391270708,FD_0003
2026-04-29 17:59:01.333984,42.53451945923242,36.38642030129279,35.77111127208885,5.897446978335959,38.77850365665848,159.36800166760852,FD_0003
2026-04-29 18:14:01.333984,41.165904850953815,35.55086306200503,45.500176843582885,7.926762883368286,48.61115207852032,178.75485971843034,FD_0003
2026-04-29 18:29:01.333984,40.07140684601942,33.46596126418898,48.49123789793249,8.728270468068827,53.35380823042778,184.1106847066375,FD_0003
2026-04-29 18:44:01.333984,,36.00119147936706,47.38710641335616,7.892083016205648,51.16372502444427,142.44410593337312,FD_0003
2026-04-29 18:59:01.333984,39.42263960508682,33.796680677840456,46.812702444673015,8.010638104559078,46.431149946435305,174.47381077859467,FD_0003
2026-04-29 19:14:01.333984,43.137486341193814,36.87267552327433,57.01231805017592,10.049014856704552,61.24034426870846,208.3118390400571,FD_0003
2026-04-29 19:29:01.333984,,33.935594868491,55.56547202360035,9.642377377760349,66.07733580271258,165.2207800725643,FD_0003
2026-04-29 19:44:01.333984,39.4330009685105,35.313241759436735,54.53480946540681,9.510800443241543,67.015162480808,205.80701511740358,FD_0003
2026-04-29 19:59:01.333984,41.43652625459027,34.69283094289455,57.50310879238493,9.465891631936039,65.56685737456063,208.66521499636644,FD_0003
2026-04-29 20:14:01.333984,13.898141113549942,37.290570075797085,52.767743240010155,9.43567987293686,62.45779467629428,175.8499289785883,FD_0003
2026-04-29 20:29:01.333984,10.624171097701206,35.346611284263,53.306562566095785,8.829346485418888,55.19985310929778,163.30654454277666,FD_0003
2026-04-29 20:44:01.333984,12.334788591031936,34.67309203609285,51.79381665020936,9.013267051360113,58.79007740273561,166.60504173142988,FD_0003
2026-04-29 20:59:01.333984,16.3162996918077,36.018167159895064,52.647915467056784,8.770430364430226,58.064683086137016,171.8174957693268,FD_0003
2026-04-29 21:14:01.333984,15.299435522270931,35.75093321877307,40.885223171660726,7.095119205655419,42.76800003942471,141.79871115778485,FD_0003
2026-04-29 21:29:01.333984,14.60870681295523,33.71508916392669,,7.000761407119735,46.65237159197953,101.9769289759812,FD_0003
2026-04-29 21:44:01.333984,12.427918397650199,33.35930966697382,39.60523617838275,7.0153337989626054,47.144485629448674,139.55228367141805,FD_0003
2026-04-29 21:59:01.333984,19.30016169346059,34.23098947460815,42.711511514788775,6.982380011816472,45.97989494433057,149.20493763900456,FD_0003
2026-04-29 22:14:01.333984,12.336684897707695,21.797999275924468,13.490496187622195,2.5302651361875546,10.24762531689788,60.4030708143398,FD_0003
2026-04-29 22:29:01.333984,13.516137248570535,21.778675733766715,13.919643495575617,2.053316941263848,14.649185449969773,65.91695886914648,FD_0003
2026-04-29 22:44:01.333984,14.926315380818654,20.650056386934267,12.946819820467896,2.1349891857019574,13.80542046467387,64.46360123859664,FD_0003
2026-04-29 22:59:01.333984,13.687097600976665,19.238117190174187,11.434444315502562,1.8730603356665962,14.227237730652623,60.45995717297263,FD_0003
2026-04-29 23:14:01.333984,12.488643889828438,20.16242503014978,12.923767910299802,1.1990865454634698,16.168629581419495,62.942552957160984,FD_0003
2026-04-29 23:29:01.333984,13.701380518035666,23.07277423324267,10.57618257526769,1.781247303054194,11.603339401478467,60.734924031078684,FD_0003
2026-04-29 23:44:01.333984,13.925037181997963,19.676803898412775,8.391605406972943,2.2619994965378374,14.850620516449261,59.10606650037078,FD_0003
2026-04-29 23:59:01.333984,16.122633555472397,20.405379333882227,8.647925073948047,1.1632310065938682,17.31868302358982,63.65785199348636,FD_0003
2026-04-30 00:14:01.333984,14.983712069798006,21.03008731199165,15.328835534368002,2.500176970236382,15.582720459617537,69.42553234601158,FD_0003
2026-04-30 00:29:01.333984,15.142156148814369,21.213646316975034,7.25268800248945,2.2821667444980247,10.552754299596906,56.443411512373785,FD_0003
2026-04-30 00:44:01.333984,15.159415810029449,20.393380652535498,11.703451573555371,2.3146444576204606,12.459348206295456,62.03024070003623,FD_0003
2026-04-30 00:59:01.333984,11.309398230422381,21.44337965595879,12.211384230957119,2.3539996688882416,11.70532899738611,59.023490783612644,FD_0003
2026-04-30 01:14:01.333984,14.94881800991891,20.6906564006257,10.025818334590937,2.12696696651432,14.955176737073238,62.7474364487231,FD_0003
2026-04-30 01:29:01.333984,15.66880124542777,20.48738648715339,11.867550805760937,1.550691509694546,14.435055156791185,64.00948520482783,FD_0003
2026-04-30 01:44:01.333984,13.771561179470098,20.981421680807372,7.34483513028721,2.0632879507993946,14.879380253085726,59.0404861944498,FD_0003
2026-04-30 01:59:01.333984,12.045482799996487,23.77215637704402,9.9525112024296,1.9633198752451577,8.935876500338669,56.66934675505392,FD_0003
2026-04-30 02:14:01.333984,13.612762718979058,20.621205302061433,11.37442343437387,1.9071590566909524,15.343540380299096,62.85909089240441,FD_0003
2026-04-30 02:29:01.333984,12.75457760174607,21.45128123144194,9.819827032038646,2.30212660111028,9.70459543580305,56.03240790213999,FD_0003
2026-04-30 02:44:01.333984,14.708831551512747,20.408100354042777,8.25071288610462,1.332810309210156,13.227839091198245,57.92829419206855,FD_0003
2026-04-30 02:59:01.333984,11.595408922285493,21.0688215924542,10.734057389057526,1.878619082072861,14.067519146667342,59.34442613253742,FD_0003
2026-04-30 03:14:01.333984,13.436532134138695,20.44596109660504,9.299737234304672,1.9526134125229662,15.151114971917899,60.28595884948927,FD_0003
2026-04-30 03:29:01.333984,12.490087982296066,19.163366008569504,9.765719817712341,2.1206040116994918,12.327730773313844,55.867508593591246,FD_0003
2026-04-30 03:44:01.333984,15.92498141534262,17.50993630743787,9.903363273562249,1.6754746888927106,16.28974248747359,61.30349817270904,FD_0003
2026-04-30 03:59:01.333984,14.167702787611436,19.718068801797966,10.067080806231347,2.0547503928656763,9.517457262003111,55.52506005050954,FD_0003
2026-04-30 04:14:01.333984,14.184702777590388,19.556163024022045,12.06996278005411,1.8875307173668054,10.567112047606916,58.26547134664027,FD_0003
2026-04-30 04:29:01.333984,13.478966953127204,22.669478756551605,11.1135056537011,1.6759854092833146,8.589386809888843,57.527323582552064,FD_0003
2026-04-30 04:44:01.333984,12.207895327647956,,15.212101065157988,1.727355174230889,12.623532454154267,41.7708840211911,FD_0003
2026-04-30 04:59:01.333984,15.989549293315132,21.167483422298123,12.460673408697563,1.3177636753040467,11.532399861796494,62.467869661411356,FD_0003
2026-04-30 05:14:01.333984,16.489262501508442,20.091511965637856,10.462655640231004,2.1966438826245103,10.600670939172169,59.84074492917399,FD_0003
2026-04-30 05:29:01.333984,12.621709781218968,20.17228892738637,11.939449943718609,1.784483139118224,9.595053673910192,56.11298546535236,FD_0003
2026-04-30 05:44:01.333984,12.37235788023304,20.309545254214868,12.317013371898828,1.5974186240440273,18.45215389644212,65.04848902683287,FD_0003
2026-04-30 05:59:01.333984,11.130728261813966,21.612526328324588,11.990303377769235,2.6154699324848107,11.458047049425694,58.8070749498183,FD_0003
2026-04-30 06:14:01.333984,11.106208787078081,28.938208335032826,36.218387568480196,5.931168557171473,43.22255788244428,125.41653113020686,FD_0003
2026-04-30 06:29:01.333984,13.159064323350997,28.978675655623302,39.794795506641975,6.863495708824133,40.032368100268606,128.82839929470902,FD_0003
2026-04-30 06:44:01.333984,11.224344688799807,26.952215644154528,39.80351258114989,5.92107654549557,35.42676389264581,119.3279133522456,FD_0003
2026-04-30 06:59:01.333984,13.819149398022315,25.444453419821887,32.51261310789438,5.549901890702104,38.28055516381888,115.60667298025956,FD_0003
2026-04-30 07:14:01.333984,14.749242215520784,26.819877079534034,44.50323868345175,7.576964004483992,53.440417860237964,147.08973984322853,FD_0003
2026-04-30 07:29:01.333984,10.805495584004827,25.835291760207156,46.17395085051849,7.675200672712222,52.54630490201753,143.0362437694602,FD_0003
2026-04-30 07:44:01.333984,12.998102505761398,27.31831489311843,44.99426252097039,8.248964603098788,50.30245322664617,143.86209774959516,FD_0003
2026-04-30 07:59:01.333984,13.101911191062952,24.690457821290618,41.05235308597545,8.051905944648983,49.94139470453965,136.83802274751764,FD_0003
2026-04-30 08:14:01.333984,40.80655451095181,27.41365289333975,42.09975170010755,6.72162685178284,42.54791770065342,159.58950365683538,FD_0003
2026-04-30 08:29:01.333984,38.97863463134993,28.846719944134893,39.76908162725517,7.439855775790986,45.89542242679992,160.92971440533088,FD_0003
2026-04-30 08:44:01.333984,37.902171547519586,30.33899263243845,38.481789589791276,6.74096546866039,50.63970174330942,164.10362098171913,FD_0003
2026-04-30 08:59:01.333984,42.80945682436174,26.973450283276954,39.97043803150166,6.698829594370364,46.73003663282442,163.18221136633514,FD_0003
2026-04-30 09:14:01.333984,39.055085547262706,27.625845390351607,23.088407924940032,3.9123565616841893,26.393914323302784,120.07560974754131,FD_0003
2026-04-30 09:29:01.333984,39.19928515823825,25.36726190246776,23.965939137636337,4.020416770809295,32.74589366316717,125.29879663231881,FD_0003
2026-04-30 09:44:01.333984,38.43690997774078,27.43546936884993,23.973693856265065,3.8244912682163905,25.56311135115427,119.23367582222645,FD_0003
2026-04-30 09:59:01.333984,40.68618179288708,29.400317168008154,23.33019543302732,4.208523523318493,22.979573809866658,120.60479172710771,FD_0003
2026-04-30 10:14:01.333984,43.38478474390181,28.336424660948445,22.516302407677173,3.3279819838489377,23.709547524312093,121.27504132068847,FD_0003
2026-04-30 10:29:01.333984,43.55146043439596,26.736956980034368,25.46100184108312,3.5714174566847916,28.204948586542937,127.52578529874117,FD_0003
2026-04-30 10:44:01.333984,49.230690149109826,27.67863512739807,24.30723075659876,3.2681664287242285,25.217895476120354,129.70261793795123,FD_0003
2026-04-30 10:59:01.333984,45.47156590712226,25.975722931424365,29.521686217369474,3.7032765193624697,25.13279785974927,129.80504943502785,FD_0003
2026-04-30 11:14:01.333984,44.55152107351284,25.88851070446944,26.091756556330967,4.267292294010205,26.825393253181694,127.62447388150514,FD_0003
2026-04-30 11:29:01.333984,45.623546008153895,28.656983229494163,22.88693285148039,3.9863137934915067,27.235698923442193,128.38947480606214,FD_0003
2026-04-30 11:44:01.333984,48.53190902218506,28.55424924091408,22.395552926837205,3.9507741655970605,27.843378937759134,131.27586429329253,FD_0003
2026-04-30 11:59:01.333984,43.58615770081744,25.86525723803055,26.471244808105347,4.7731971161008575,27.89647385992364,128.59233072297783,FD_0003
2026-04-30 12:14:01.333984,44.80623080704208,28.592376984861342,23.457438433292157,4.1726992249686905,23.46164091282151,124.49038636298577,FD_0003
2026-04-30 12:29:01.333984,45.791973023981924,29.86628101743304,21.895837429295835,3.987382860333298,24.146457131136064,125.68793146218016,FD_0003
2026-04-30 12:44:01.333984,45.12537514788018,28.622397560618538,26.77929032671654,3.890474687093671,24.419947307961113,128.83748503027005,FD_0003
2026-04-30 12:59:01.333984,45.0027463904586,27.87098399755071,23.876549984036462,3.9868445457057375,27.18819675206643,127.92532166981793,FD_0003
2026-04-30 13:14:01.333984,44.13412353423176,27.728314206448562,22.77531542320542,4.172313215421096,24.83708819400117,123.64715457330801,FD_0003
2026-04-30 13:29:01.333984,40.5226279643369,28.095784003537286,24.104461409737237,3.908575686851962,24.467257058862412,121.0987061233258,FD_0003
2026-04-30 13:44:01.333984,45.57878344137204,25.998210327519462,25.246649032951023,4.024913218254186,26.996522543477536,127.84507856357425,FD_0003
2026-04-30 13:59:01.333984,44.18441846425607,27.543830541739045,24.192592798266706,3.8903602118524434,22.839360530310586,122.65056254642484,FD_0003
2026-04-30 14:14:01.333984,44.01302239484862,36.30390876310402,20.805028158378658,3.5528671837688446,25.626811643663316,130.30163814376345,FD_0003
2026-04-30 14:29:01.333984,43.969481139802845,32.7336918357428,20.620914943192265,4.164553884631022,23.167085264967927,124.65572706833684,FD_0003
2026-04-30 14:44:01.333984,44.17226683053394,33.61019599331155,26.982836175850135,3.7091364619574625,25.062667890190237,133.5371033518433,FD_0003
2026-04-30 14:59:01.333984,43.0576559072186,34.470796602261906,20.000177179863467,3.5976535492153436,25.104861453792328,126.23114469235163,FD_0003
2026-04-30 15:14:01.333984,41.615818731857104,34.77253615611319,18.120245392090442,3.9951133568260127,21.64712074193151,120.15083437881825,FD_0003
2026-04-30 15:29:01.333984,42.711889024981026,35.55751691870692,25.343131924418095,3.521721498280949,26.94771138712414,134.08197075351114,FD_0003
2026-04-30 15:44:01.333984,44.03765764342982,32.14383694040954,21.02431549821902,3.7219030059051565,29.023767554987614,129.95148064295117,FD_0003
2026-04-30 15:59:01.333984,42.61174343670384,34.766821434835784,21.759744373387544,3.9097968652617556,22.700902554946293,125.74900866513522,FD_0003
2026-04-30 16:14:01.333984,42.42991423543549,32.92752146408074,24.62055411503225,3.8849376847616495,26.807836141573414,130.67076364088354,FD_0003
2026-04-30 16:29:01.333984,43.935123568864775,35.17642825327523,24.47420979079755,3.662031566202289,23.141024051856228,130.38881723099607,FD_0003
2026-04-30 16:44:01.333984,45.00726501713437,35.65836657920794,22.63178232116515,3.895964680264957,31.95871187051948,139.15209046829187,FD_0003
2026-04-30 16:59:01.333984,47.015779642982686,36.04885713696807,22.94916722056239,3.3500171983986133,27.6202132595374,136.98403445844914,FD_0003
2026-04-30 17:14:01.333984,45.82159202477721,35.86225397810744,35.649556974966686,6.597975403547448,42.35479793181119,166.28617631320998,FD_0003
2026-04-30 17:29:01.333984,42.56714585194658,32.61320599999095,34.94213585543506,6.667742819260645,38.82828991672372,155.61852044335694,FD_0003
2026-04-30 17:44:01.333984,44.58618621947992,33.87530220629274,34.36541861218884,5.50902329385254,34.825338953101564,153.1612692849156,FD_0003
2026-04-30 17:59:01.333984,45.159970351904015,37.512726370970356,34.46156601761602,5.749787959677659,42.37304400646191,165.25709470662997,FD_0003
2026-04-30 18:14:01.333984,41.13394558019,32.75842578640526,44.56053073915088,8.031371217348443,50.176219085724746,176.66049240881932,FD_0003
2026-04-30 18:29:01.333984,39.542029788958494,34.61350387012301,49.952460676647064,8.358034175466203,56.03064885323837,188.49667736443314,FD_0003
2026-04-30 18:44:01.333984,39.21452806413951,35.259895196124624,46.171372659991924,7.492982101534656,55.49421146275164,183.63298948454238,FD_0003
2026-04-30 18:59:01.333984,39.33364407805435,34.48945937798976,49.14145666046478,7.233415378424822,51.98345021085592,182.18142570578962,FD_0003
2026-04-30 19:14:01.333984,38.792130073162916,34.70881991561561,60.5922328114803,10.229730070219333,61.537756558812816,205.86066942929097,FD_0003
2026-04-30 19:29:01.333984,42.447374557676284,35.64368115125974,55.44742396224201,9.35548664516411,68.1050185049772,210.99898482131937,FD_0003
2026-04-30 19:44:01.333984,40.834892983292164,34.35091096326778,55.69284490652578,9.818503143853802,67.84054569208799,208.53769768902754,FD_0003
2026-04-30 19:59:01.333984,38.33513871582561,34.54300339986728,59.863648529207275,9.672575080731084,61.293222962608525,203.70758868823978,FD_0003
2026-04-30 20:14:01.333984,14.662114485532651,35.973014435485396,51.9397309157918,9.089792285864288,59.2269098054658,170.89156192813994,FD_0003
2026-04-30 20:29:01.333984,11.643896969808932,35.96735859224856,48.65628693022569,8.579740307571585,58.639406063798205,163.48668886365297,FD_0003
2026-04-30 20:44:01.333984,13.547038812287033,35.013619603877814,53.95916910780633,9.349318166350832,60.00749400043195,171.87663969075396,FD_0003
2026-04-30 20:59:01.333984,12.87258033245736,31.52104894383198,53.34836361570267,8.543488414617126,59.46610213362079,165.75158344022992,FD_0003
2026-04-30 21:14:01.333984,15.50991118364314,38.30752060337106,39.89601211096954,5.927829990042618,45.96756420902869,145.60883809705504,FD_0003
2026-04-30 21:29:01.333984,13.444086192348141,34.91184624397198,39.11261111304875,6.85561479075592,46.9115014961192,141.235659836244,FD_0003
2026-04-30 21:44:01.333984,14.829982941052428,32.41514946801776,39.00251194539431,6.673285186472316,,92.92092954093681,FD_0003
2026-04-30 21:59:01.333984,12.720379652109834,32.5955743560987,43.24771158044661,7.195384883930553,50.559741426305166,146.31879189889088,FD_0003
2026-04-30 22:14:01.333984,16.94859966397498,20.930804080803277,10.138296534628356,2.508358406993094,10.790368742282427,61.31642742868213,FD_0003
2026-04-30 22:29:01.333984,11.365225129959947,24.283200114874237,,1.5810047239214158,11.911659892312604,49.14108986106821,FD_0003
2026-04-30 22:44:01.333984,12.268803305810739,24.777036771359363,11.824522244370915,1.8484640555997829,13.883158849937779,64.60198522707857,FD_0003
2026-04-30 22:59:01.333984,12.686767069775543,20.134148246512613,8.612756648412367,1.316882410688181,17.943935508370924,60.69448988375963,FD_0003
2026-04-30 23:14:01.333984,15.707003532930617,24.049057614395373,12.574103976480894,2.2665424001447843,12.520887217147283,67.11759474109896,FD_0003
2026-04-30 23:29:01.333984,16.162246230692443,22.443214043882666,12.944284979409556,2.656298602163525,13.219189134759896,67.42523299090809,FD_0003
2026-04-30 23:44:01.333984,11.369170904180864,20.721035695231556,16.08623877121467,2.1480247978850517,11.125306289960614,61.449776458472755,FD_0003
2026-04-30 23:59:01.333984,10.969337859492976,21.08952345411728,13.337621903985136,2.0600434132292653,13.940754146033274,61.39728077685794,FD_0003
2026-05-01 00:14:01.333984,,22.67971038000057,6.8900814529050365,1.775227438788181,14.384643464552088,45.72966273624588,FD_0003
2026-05-01 00:29:01.333984,14.28433912790793,19.707063326452953,12.70720994608528,1.8782733530573574,13.521045544914827,62.097931298418345,FD_0003
2026-05-01 00:44:01.333984,10.617916096794954,21.496249411178116,9.573574050378642,2.4137183206120993,16.197583922846466,60.299041801810276,FD_0003
2026-05-01 00:59:01.333984,12.878100399690783,19.419441865855063,10.911716161783698,2.169360664622639,8.990078582567069,54.368697674519254,FD_0003
2026-05-01 01:14:01.333984,13.706833312819565,22.32544040316924,9.533121667292022,2.4093741629279726,11.647811703313092,59.6225812495219,FD_0003
2026-05-01 01:29:01.333984,11.849293874767936,20.353374064060205,10.98115929497466,2.2647670086922087,14.914219926759653,60.36281416925466,FD_0003
2026-05-01 01:44:01.333984,17.885092311874935,20.249481345526753,9.749206151632382,1.9603532335181029,14.518087043119673,64.36222008567185,FD_0003
2026-05-01 01:59:01.333984,15.098464095958136,21.46876988607916,11.441882278914859,1.8807373158674618,18.583350253002706,68.47320382982232,FD_0003
2026-05-01 02:14:01.333984,13.050383715462722,20.897396686142617,8.982357808400518,1.8717725482969403,10.304205786794984,55.10611654509779,FD_0003
2026-05-01 02:29:01.333984,13.318935076929803,22.33438573165974,10.597770792369854,1.5854975622050798,12.456792201560829,60.293381364725306,FD_0003
2026-05-01 02:44:01.333984,12.401420375767444,,13.292196447063688,2.4509635697809946,9.898419224299541,38.04299961691167,FD_0003
2026-05-01 02:59:01.333984,14.391467139421351,22.039960007501854,10.5156779842551,1.9506905939694865,9.804977228315995,58.70277295346378,FD_0003
2026-05-01 03:14:01.333984,12.504401565830554,20.934764466901946,16.32000769147238,1.7972262962835623,16.388390676323162,67.94479069681161,FD_0003
2026-05-01 03:29:01.333984,11.238920368266136,21.164966714808624,10.873575575671438,1.6458625373863252,12.971012190215566,57.8943373863481,FD_0003
2026-05-01 03:44:01.333984,14.949827599998002,19.83132332927986,13.970388365037756,1.8038243296204848,13.48464496510535,64.04000858904145,FD_0003
2026-05-01 03:59:01.333984,13.338868027811994,21.145214580913535,15.181449529190072,1.197600882159259,7.396438638240799,58.259571658315664,FD_0003
2026-05-01 04:14:01.333984,13.653669972935825,20.802102813848798,14.631182458681675,1.7266686943530611,12.288918353306393,63.10254229312575,FD_0003
2026-05-01 04:29:01.333984,11.994393722052962,21.313431168588806,10.272002876323405,1.5347139729883623,,45.11454173995354,FD_0003
2026-05-01 04:44:01.333984,12.658284479729758,22.437131820771423,11.558663497229428,2.0677096885562647,12.704496019938775,61.42628550622565,FD_0003
2026-05-01 04:59:01.333984,10.743764575974312,21.433968437889032,15.557454973257205,1.7230998880057162,11.419596805096674,60.87788468022294,FD_0003
2026-05-01 05:14:01.333984,13.396701176848902,20.06292187721565,9.292960859418093,1.9118756416620513,13.817259698695716,58.48171925384041,FD_0003
2026-05-01 05:29:01.333984,13.096255909194037,19.696697739797834,14.754895827421167,1.5272730744668277,13.364742426173363,62.439864977053226,FD_0003
2026-05-01 05:44:01.333984,13.23780367826168,,10.281132263164595,1.9495693554024445,13.547842154609626,39.01634745143835,FD_0003
2026-05-01 05:59:01.333984,12.614345702565828,22.179673431919763,17.832781211893476,2.3786164371137017,13.34068763052241,68.34610441401517,FD_0003
2026-05-01 06:14:01.333984,13.287642416721589,26.964415370412567,37.00424529647751,5.478158046353427,39.01663834765206,121.75109947761716,FD_0003
2026-05-01 06:29:01.333984,10.572557888042406,28.19916527670574,37.75539342846391,5.768795592246315,36.78869026029819,119.08460244575656,FD_0003
2026-05-01 06:44:01.333984,8.429103405357807,28.8148985364612,35.68333168588018,5.606944960101141,42.07797076725518,120.61224935505551,FD_0003
2026-05-01 06:59:01.333984,15.315596519946462,26.12141639473435,35.101034173447125,6.275920975129118,,82.81396806325705,FD_0003
2026-05-01 07:14:01.333984,13.734027901678015,28.73065970940105,48.62433396044568,8.179780162530935,59.43695079092419,158.70575252497986,FD_0003
2026-05-01 07:29:01.333984,13.110618553683048,30.26707595789683,49.64353330020875,6.941907394262336,55.240675748120324,155.20381095417127,FD_0003
2026-05-01 07:44:01.333984,15.916197072751967,28.590027428388915,52.56951680035972,8.286437096623468,51.50993459372858,156.87211299185265,FD_0003
2026-05-01 07:59:01.333984,11.245759314913343,26.229390282221065,47.94109676555096,7.659546106116915,51.95549873242695,145.03129120122924,FD_0003
2026-05-01 08:14:01.333984,38.16603613513206,25.872678083003642,43.176444253057234,7.313795422450342,48.947850665143505,163.4768045587868,FD_0003
2026-05-01 08:29:01.333984,,28.66939429450329,40.139350564383534,6.773129600157027,41.97936188939772,117.56123634844158,FD_0003
2026-05-01 08:44:01.333984,39.131665758493874,29.87135454280838,41.76828925246949,6.929759332216525,,117.70106888598826,FD_0003
2026-05-01 08:59:01.333984,36.8191296105766,26.472677285226094,39.94046092770648,7.578082896717141,50.02343227913331,160.8337829993596,FD_0003
2026-05-01 09:14:01.333984,36.969363851411714,26.604787938833084,22.258695210152506,4.114014741941688,27.723605263532104,117.6704670058711,FD_0003
2026-05-01 09:29:01.333984,39.194469776595234,26.12563772123485,25.46535519173498,3.7567354977502223,26.865444558869314,121.4076427461846,FD_0003
2026-05-01 09:44:01.333984,40.27294862982962,27.23538606130469,22.272602030223545,3.1183880735220266,31.239296277972105,124.13862107285198,FD_0003
2026-05-01 09:59:01.333984,38.98559423258805,28.803374517006905,18.780580749289047,4.7329856423876775,29.821927571667878,121.12446271293956,FD_0003
2026-05-01 10:14:01.333984,46.755175409572075,28.776634640129412,21.230223554483697,3.565360069939996,25.395645263304377,125.72303893742956,FD_0003
2026-05-01 10:29:01.333984,45.827989217066076,29.54501945931682,24.83837192461755,3.7446222519771135,25.092461475415135,129.0484643283927,FD_0003
2026-05-01 10:44:01.333984,47.26636345696564,28.836907380933642,26.62943041764472,3.769330062638601,24.383215457670403,130.88524677585303,FD_0003
2026-05-01 10:59:01.333984,45.64021618045147,27.2616086957856,25.78704717850141,3.7765146508614036,27.123579593068907,129.5889662986688,FD_0003
2026-05-01 11:14:01.333984,44.59527724668722,26.187615026163673,21.57813336627053,4.578685472210435,25.77962860889901,122.71933972023086,FD_0003
2026-05-01 11:29:01.333984,44.22157573581461,27.701826807574356,19.94326542228919,4.0932366620594,27.798816573681297,123.75872120141884,FD_0003
2026-05-01 11:44:01.333984,43.884574211412875,29.55080195642826,21.673238165614706,3.874381562289248,29.720405495381314,128.7034013911264,FD_0003
2026-05-01 11:59:01.333984,40.16673189764994,26.765417567222094,20.881325427388898,4.244616765862104,25.411783373549284,117.46987503167232,FD_0003
2026-05-01 12:14:01.333984,45.41322813551736,28.684118796487073,22.998235102396855,4.414362044084813,27.025359478273035,128.53530355675912,FD_0003
2026-05-01 12:29:01.333984,45.655731259111676,27.23852900525189,25.44631692347977,3.4633465809405735,25.30789436550341,127.11181813428732,FD_0003
2026-05-01 12:44:01.333984,47.3690063485496,27.53056962005244,24.782520847763113,4.0200230136361785,28.521795284036298,132.22391511403762,FD_0003
2026-05-01 12:59:01.333984,46.365001870190596,28.393474308877337,22.97279299653838,3.6230342204623645,26.00638953022561,127.36069292629429,FD_0003
2026-05-01 13:14:01.333984,45.030195469660235,29.681801307834842,26.216303257112664,3.6565459615769584,27.645215805644682,132.23006180182938,FD_0003
2026-05-01 13:29:01.333984,42.71991905251334,28.662292997472978,25.733390784083856,3.8895962925447978,30.131925754184177,131.13712488079915,FD_0003
2026-05-01 13:44:01.333984,44.80682430379651,25.203301253493684,25.15435395273952,,29.57398152886795,124.73846103889765,FD_0003
2026-05-01 13:59:01.333984,45.00401690678388,26.057164984171997,27.271801541900686,4.800245776343459,29.76227458106265,132.89550379026267,FD_0003
2026-05-01 14:14:01.333984,41.719344966624234,34.431378476844095,,3.8185254084913836,21.71114685068558,101.6803957026453,FD_0003
2026-05-01 14:29:01.333984,42.8876163339664,36.12593982582242,18.68649027699674,4.2862238823088346,27.69710328855254,129.68337360764693,FD_0003
2026-05-01 14:44:01.333984,45.707168318547936,35.8523739794914,25.102256681191136,4.131764718121583,25.98980081008174,136.7833645074338,FD_0003
2026-05-01 14:59:01.333984,43.03647586756538,33.76707418908959,24.509885161921684,3.6889614845606387,23.437464049373983,128.43986075251127,FD_0003
2026-05-01 15:14:01.333984,44.85712160838405,34.349295015671146,25.598254729046904,3.2396036576905516,29.820382862943518,137.86465787373618,FD_0003
2026-05-01 15:29:01.333984,43.401788882733726,35.11186000660372,22.171233388384742,3.741729953827753,19.825750637917587,124.25236286946753,FD_0003
2026-05-01 15:44:01.333984,43.2377220158169,36.47053872033093,25.6030362607968,3.562836335459531,26.404928200227513,135.27906153263166,FD_0003
2026-05-01 15:59:01.333984,43.481357821808814,33.02266141025237,21.19639540983135,4.014098644031249,,101.71451328592379,FD_0003
2026-05-01 16:14:01.333984,44.958856624501735,32.70388108943079,21.878543679045,3.2806824429476613,22.230313737985547,125.05227757391074,FD_0003
2026-05-01 16:29:01.333984,42.7158920894033,35.05075117751027,22.22814088605164,4.010899163793058,27.217148620614317,131.2228319373726,FD_0003
2026-05-01 16:44:01.333984,42.37511419664209,33.43505739764773,25.279115695138398,3.496983125373846,28.517934251070447,133.10420466587252,FD_0003
2026-05-01 16:59:01.333984,41.988771473560234,32.95595980580935,20.03639587175309,4.24497833769895,25.3401985781905,124.56630406701213,FD_0003
2026-05-01 17:14:01.333984,41.379550687971054,34.444228727396045,33.070942386470506,5.934834755829484,,114.82955655766709,FD_0003
2026-05-01 17:29:01.333984,44.691997303600424,36.29154709231452,39.283124774947105,5.702637113014307,39.78062280590951,165.74992908978587,FD_0003
2026-05-01 17:44:01.333984,41.394984903457825,36.508607881508915,36.3778160461145,5.922465047279091,39.76544323449449,159.96931711285484,FD_0003
2026-05-01 17:59:01.333984,42.189499536950905,34.34934066280689,33.30142352880233,5.5381229982954965,37.910167715213205,153.28855444206883,FD_0003
2026-05-01 18:14:01.333984,39.413749263195264,38.189215648233635,,7.766412005301456,48.126817723521455,133.49619464025182,FD_0003
2026-05-01 18:29:01.333984,40.13307576956222,,47.67450447133629,7.9384017704505405,57.10746311659393,152.853445127943,FD_0003
2026-05-01 18:44:01.333984,40.5407294783936,34.87880690725337,49.10398197090178,7.3316348261504665,46.48108727942043,178.33624046211963,FD_0003
2026-05-01 18:59:01.333984,37.23452240241395,33.147133328675146,43.885595386018636,7.709275591983303,50.1538811025297,172.13040781162073,FD_0003
2026-05-01 19:14:01.333984,39.528634416769485,35.81919260836476,59.08945183193576,10.286654478550094,64.83428544951211,209.55821878513223,FD_0003
2026-05-01 19:29:01.333984,38.88351210974836,36.72379456311505,58.378732339450906,9.92903738463164,67.43608927824067,211.35116567518665,FD_0003
2026-05-01 19:44:01.333984,41.26089703772004,33.893151044053745,59.71661527642087,9.758540724466323,68.0742277618774,212.7034318445384,FD_0003
2026-05-01 19:59:01.333984,37.4391812794658,37.68296400723248,61.679830183018936,10.09932613587896,65.10777482515809,212.00907643075425,FD_0003
2026-05-01 20:14:01.333984,11.781202283151181,35.46020769801855,49.0349415889718,8.44376436440785,55.116547264449366,159.83666319899874,FD_0003
2026-05-01 20:29:01.333984,10.4321745375061,33.665792682113164,53.47196089692842,8.807281497768075,62.659901494610544,169.0371111089263,FD_0003
2026-05-01 20:44:01.333984,10.349968843956429,34.20060343969287,55.66731951287725,8.55792418065124,59.81226246307774,168.58807844025552,FD_0003
2026-05-01 20:59:01.333984,14.807231266869643,34.953797341006215,50.67461289441546,9.453058978927787,59.941549714396146,169.83025019561524,FD_0003
2026-05-01 21:14:01.333984,11.09284823875798,35.13503869969149,43.58074795289397,7.222696167747928,45.723399271666004,142.75473033075738,FD_0003
2026-05-01 21:29:01.333984,13.575034705310891,36.377628010101,41.505023959605225,6.933344111470129,45.582746449675575,143.97377723616282,FD_0003
2026-05-01 21:44:01.333984,14.887254039444922,35.93213943911706,40.486730018580495,7.188490283324933,49.44555103656123,147.94016481702863,FD_0003
2026-05-01 21:59:01.333984,15.672683391426975,38.1423907829863,46.04098389907706,6.593109178069863,50.400402655349644,156.84956990690984,FD_0003
2026-05-01 22:14:01.333984,13.93861504022408,21.480381010184384,11.679451167505444,2.7099969796283156,10.20868418790476,60.01712838544699,FD_0003
2026-05-01 22:29:01.333984,14.07036269829608,20.35116927180926,10.246166870227654,1.8259785051651818,13.172083146479316,59.66576049197749,FD_0003
2026-05-01 22:44:01.333984,12.600822192362088,20.31781240197227,11.686837428460379,,16.073958062231544,60.67943008502628,FD_0003
2026-05-01 22:59:01.333984,11.638101368208416,20.380279031279372,12.713323777846181,1.5948869211983911,11.877101202518256,58.203692301050616,FD_0003
2026-05-01 23:14:01.333984,15.02721326886112,22.127215066857172,14.370612958145792,2.3708578426639844,7.803069123137736,61.69896825966581,FD_0003
2026-05-01 23:29:01.333984,14.0243602951496,20.86750326138846,9.336027959527998,1.8885591949859784,10.435011052821721,56.55146176387376,FD_0003
2026-05-01 23:44:01.333984,10.823586081826871,19.053776747597254,11.4082095193944,2.1816908707277634,,43.46726321954629,FD_0003
2026-05-01 23:59:01.333984,13.233699807707234,22.69757258183515,14.080495017858661,2.0653015826564527,13.792799087223667,65.86986807728117,FD_0003
2026-05-02 00:14:01.333984,14.225545999421788,22.388564889072747,11.942940065477407,1.9080519800162021,14.908738013059233,65.37384094704738,FD_0003
2026-05-02 00:29:01.333984,11.75152497942935,20.356273428376934,16.124254067724898,,14.471848185059631,62.70390066059082,FD_0003
2026-05-02 00:44:01.333984,13.667790525130131,21.108116121933037,11.719668852072562,1.8328316222332695,9.56872462747024,57.897131748839236,FD_0003
2026-05-02 00:59:01.333984,13.830203463484919,17.27728884166916,13.061327043726267,3.1718409728119177,15.57652407227985,62.91718439397212,FD_0003
2026-05-02 01:14:01.333984,11.785428312221372,21.943627628635337,12.331961173685354,2.427327848939324,15.394314263142377,63.88265922662377,FD_0003
2026-05-02 01:29:01.333984,13.585939381767176,20.091868780051776,13.047854402420185,2.2732265212801184,11.06305130685549,60.061940392374744,FD_0003
2026-05-02 01:44:01.333984,13.28515460309372,21.0390311780968,12.67174299799912,2.386712681649622,11.701310954827827,61.083952415667085,FD_0003
2026-05-02 01:59:01.333984,15.144910217811532,19.705018439623597,12.71204822569615,1.7624624165555574,9.930662645587436,59.255101945274276,FD_0003
2026-05-02 02:14:01.333984,12.42510009101623,21.14923200662318,13.029028307682456,2.184328066926729,15.856113256521073,64.64380172876967,FD_0003
2026-05-02 02:29:01.333984,13.048190933602909,19.12130211438219,11.307101897152636,2.066318073984976,16.110583763434235,61.65349678255694,FD_0003
2026-05-02 02:44:01.333984,12.715267102196215,19.981032355276476,13.352592231710686,2.005477558502875,11.418921720356,59.47329096804225,FD_0003
2026-05-02 02:59:01.333984,15.633065501957152,22.526434606386598,14.114928822108967,2.121227891919733,10.33248219095209,64.72813901332454,FD_0003
2026-05-02 03:14:01.333984,12.22199715553245,21.28459380387445,14.227587920299184,1.7297493095224352,15.41153700875962,64.87546519798813,FD_0003
2026-05-02 03:29:01.333984,12.258126534969144,19.98195387904925,11.212997971820824,2.3001216393974357,15.222892599454589,60.97609262469125,FD_0003
2026-05-02 03:44:01.333984,13.705612462534367,20.884489386824363,10.790245056775243,2.195037024185051,13.442408896461702,61.01779282678072,FD_0003
2026-05-02 03:59:01.333984,9.583031590194238,20.256419633985768,9.00098201167936,1.9593155268054259,10.907141627207519,51.706890389872314,FD_0003
2026-05-02 04:14:01.333984,11.474158115007949,,15.492098957300882,1.1888345689831235,14.881155831674203,43.03624747296615,FD_0003
2026-05-02 04:29:01.333984,13.088707453025236,21.056534563754457,15.05318020609354,2.295015864520513,7.743391669831517,59.236829757225266,FD_0003
2026-05-02 04:44:01.333984,14.389886551993515,20.71043829599301,10.864442653973821,2.6673926675390875,19.369734187087154,68.0018943565866,FD_0003
2026-05-02 04:59:01.333984,12.81200324457425,19.613090682401292,13.85862322806627,2.2870382522945603,14.709658389357223,63.280413796693594,FD_0003
2026-05-02 05:14:01.333984,12.896972708696252,17.601529551084898,11.656943864430115,2.1612130667520244,10.701137978590964,55.01779716955426,FD_0003
2026-05-02 05:29:01.333984,10.676930186124489,20.765663580215254,10.133860105969942,2.013564561968544,14.785149157106096,58.375167591384326,FD_0003
2026-05-02 05:44:01.333984,18.30979313493914,21.308604983690245,8.554546842119855,1.9298708795710349,15.969288038176046,66.07210387849632,FD_0003
2026-05-02 05:59:01.333984,12.073413146812882,21.458166019217707,9.649621496286823,1.4637549240659267,15.064856931317786,59.70981251770112,FD_0003
2026-05-02 06:14:01.333984,14.726783546406946,28.971115764808292,39.409727070267316,5.583358667361292,38.17507835752409,126.86606340636794,FD_0003
2026-05-02 06:29:01.333984,14.113131012034241,27.18326841369672,41.38316478880915,6.31726014197276,43.825235192490574,132.82205954900343,FD_0003
2026-05-02 06:44:01.333984,11.898810278053933,29.161909930363862,37.03196823678149,6.353188735654269,43.84558643505874,128.2914636159123,FD_0003
2026-05-02 06:59:01.333984,14.846522993669382,26.997170551256012,41.82289380048478,6.3447083619145035,46.923457984639164,136.93475369196383,FD_0003
2026-05-02 07:14:01.333984,13.270938847888175,29.746497380909187,53.18629155141158,9.275753076674677,60.44680774550332,165.92628860238693,FD_0003
2026-05-02 07:29:01.333984,13.199962564486816,29.063402213493198,54.11311597146896,8.886539909607901,60.53284436562134,165.79586502467822,FD_0003
2026-05-02 07:44:01.333984,11.207434384433371,29.889228281350153,50.237090720274956,8.255642397526383,59.88334015522401,159.47273593880888,FD_0003
2026-05-02 07:59:01.333984,10.49437680790856,27.490916199721706,51.40455575294017,8.738960423334671,58.88057727579733,157.00938645970243,FD_0003
2026-05-02 08:14:01.333984,39.15667605184576,26.769847811951944,40.92346956345048,7.3844042970708,52.939445959469026,167.173843683788,FD_0003
2026-05-02 08:29:01.333984,38.782296361999876,30.024811152784878,40.63197837693026,7.21585165299773,50.309156615716475,166.96409416042923,FD_0003
2026-05-02 08:44:01.333984,42.0005478444093,28.702881917157686,46.00853530357255,7.567524672266323,49.047012531162736,173.32650226856862,FD_0003
2026-05-02 08:59:01.333984,39.11122088125295,27.22930950106099,45.65844371066664,7.0475806551446345,50.63476714367451,169.6813218917997,FD_0003
2026-05-02 09:14:01.333984,38.6288229624149,27.4262950921033,23.214805885705893,3.9580626719042526,31.21059392317072,124.43858053529907,FD_0003
2026-05-02 09:29:01.333984,39.742043260354485,27.302830507365332,27.30998022167329,4.2673853286389,25.772405980224413,124.39464529825642,FD_0003
2026-05-02 09:44:01.333984,38.37502264832935,28.697214195817757,25.652668408265768,4.246278817041493,26.188713143286574,123.15989721274096,FD_0003
2026-05-02 09:59:01.333984,41.102739376403946,27.740003584726743,28.677282645296838,4.316663941748328,27.56195892114259,129.39864846931846,FD_0003
2026-05-02 10:14:01.333984,41.18544386993898,26.803268509974036,25.5822472707285,4.389134789497301,25.34889583501046,123.30899027514928,FD_0003
2026-05-02 10:29:01.333984,43.536414158833594,27.178926439621844,26.66687202442129,4.3722565626000005,32.69162163568664,134.44609082116338,FD_0003
2026-05-02 10:44:01.333984,44.99453255696877,28.55517351927494,24.862325126903634,4.454802918407724,29.54939857011034,132.4162326916654,FD_0003
2026-05-02 10:59:01.333984,44.06104334406167,26.332104109781618,27.8073350380837,4.340484592300827,27.575627022317263,130.11659410654505,FD_0003
2026-05-02 11:14:01.333984,44.02063234753936,29.382418903417587,24.035116931984813,4.039937963719078,26.874340408759004,128.35244655541985,FD_0003
2026-05-02 11:29:01.333984,46.72676194165906,28.38045648708979,27.891906571247603,4.25324543273277,30.38569982617666,137.63807025890588,FD_0003
2026-05-02 11:44:01.333984,43.467936420465534,28.08987096995649,26.10041870146178,4.356433754985654,24.112720023505048,126.12737987037451,FD_0003
2026-05-02 11:59:01.333984,45.32608486504438,27.023947906627246,28.342589025051705,4.008217753846934,26.08350016174607,130.78433971231632,FD_0003
2026-05-02 12:14:01.333984,42.92632271316379,28.646360708737248,22.099737208413398,4.53438569090028,24.228659499699873,122.4354658209146,FD_0003
2026-05-02 12:29:01.333984,43.34841865516475,29.366803725536876,24.998553757460407,4.376781260352163,27.201747299490815,129.29230469800498,FD_0003
2026-05-02 12:44:01.333984,47.91661860611674,28.735296059819092,27.802272836312508,3.919626201119439,29.322331445717452,137.69614514908523,FD_0003
2026-05-02 12:59:01.333984,42.11134957054156,30.099641828979845,25.050107920246905,4.103815033654071,25.726338698884003,127.09125305230639,FD_0003
2026-05-02 13:14:01.333984,44.707612200757275,28.351226812684317,25.100999912801598,5.378456153883939,26.204292711143818,129.74258779127095,FD_0003
2026-05-02 13:29:01.333984,43.6603229550819,,27.30308368643308,4.262913634689927,28.26636333698478,103.49268361318968,FD_0003
2026-05-02 13:44:01.333984,,28.55813709472889,26.214893974426847,3.8625726441954926,31.556206537784323,90.19181025113555,FD_0003
2026-05-02 13:59:01.333984,46.3926121702431,26.516835269843323,25.380459499213543,5.446155307621827,26.83728633751832,130.5733485844401,FD_0003
2026-05-02 14:14:01.333984,44.09973701064479,35.97750921731252,25.417963446433227,3.63824814231984,32.06713226608659,141.20059008279696,FD_0003
2026-05-02 14:29:01.333984,43.561485813655004,33.59407807657041,25.20334031774119,3.8846864590789942,25.705169262574845,131.94875992962045,FD_0003
2026-05-02 14:44:01.333984,45.392296257257904,35.116556918460915,24.70031863639134,3.9127907044660097,26.002926689200486,135.12488920577667,FD_0003
2026-05-02 14:59:01.333984,43.01927258566282,35.2465058503849,24.780427074520727,3.7966183244231075,29.98270837134514,136.8255322063367,FD_0003
2026-05-02 15:14:01.333984,44.46663673342859,35.46346584978389,22.352613629142855,4.214298411003688,30.307044000977125,136.80405862433614,FD_0003
2026-05-02 15:29:01.333984,45.96124123534931,36.438439047676624,28.506501826606108,4.161929274699978,29.393111062018196,144.4612224463502,FD_0003
2026-05-02 15:44:01.333984,42.09000649869446,35.81458435474439,27.273968441688247,4.56241679964647,31.526763519551814,141.26773961432536,FD_0003
2026-05-02 15:59:01.333984,43.08905801965153,33.48191245123216,31.135883792977932,4.242541450508469,33.36043316256719,145.30982887693727,FD_0003
2026-05-02 16:14:01.333984,42.66341373511447,33.25178330137796,27.11462043336346,4.596473468453533,23.589838481885288,131.2161294201947,FD_0003
2026-05-02 16:29:01.333984,44.676135517114815,35.44915180508658,28.488762284849575,4.4834709079572095,30.989513189771547,144.0870337047797,FD_0003
2026-05-02 16:44:01.333984,42.60105777240818,33.08910305854973,29.120703252106324,3.8575185776015215,25.065732491879654,133.73411515254543,FD_0003
2026-05-02 16:59:01.333984,43.68094733276115,33.79940382574913,26.445072163434713,3.8315291430689475,29.73621929131709,137.49317175633104,FD_0003
2026-05-02 17:14:01.333984,46.239926278817244,35.95316660423947,38.475366648319614,6.469047661066887,41.686864040445585,168.82437123288878,FD_0003
2026-05-02 17:29:01.333984,45.211268902657615,37.389587724451644,38.600260357336865,6.483262291142451,41.911599245220636,169.5959785208092,FD_0003
2026-05-02 17:44:01.333984,48.406290609915104,35.405212084415375,40.42667194661474,6.735952885327345,43.96170471600047,174.93583224227302,FD_0003
2026-05-02 17:59:01.333984,45.88200140410187,34.490115564692296,40.07336919572172,5.930270985796062,46.69330609773518,173.06906324804712,FD_0003
2026-05-02 18:14:01.333984,37.03912702718839,34.071904850349426,50.721400479064215,8.704054395880867,55.039953629271096,185.57644038175397,FD_0003
2026-05-02 18:29:01.333984,38.28712162427563,32.89921861212202,54.001473190248134,8.627323751009621,56.305395079118604,190.120532256774,FD_0003
2026-05-02 18:44:01.333984,40.675949906123705,37.401106997079566,53.23338000227251,8.431290467936124,57.681132072767845,197.42285944617976,FD_0003
2026-05-02 18:59:01.333984,42.30589121741163,36.6547343038006,52.5264889210967,9.203134898361588,56.04716852046265,196.73741786113317,FD_0003
2026-05-02 19:14:01.333984,39.65787185218321,36.6435865944013,66.17831497518263,10.303077722369633,72.156374987418,224.9392261315548,FD_0003
2026-05-02 19:29:01.333984,38.91326062717351,36.30955937546496,64.55865844800243,10.777505792216235,73.64724683810587,224.206231080963,FD_0003
2026-05-02 19:44:01.333984,38.39926337836853,34.156607044963486,64.67719771845151,9.972352399487155,70.47072392081925,217.67614446208995,FD_0003
2026-05-02 19:59:01.333984,40.5220557252875,35.98208553594339,61.675087596770936,10.139951932917839,70.34012474322769,218.6593055341474,FD_0003
2026-05-02 20:14:01.333984,10.483128314519753,34.468689143445175,56.74857384820712,9.101418559057526,64.14385713174248,174.94566699697205,FD_0003
2026-05-02 20:29:01.333984,,34.292459546533884,57.20266504619107,9.840276460875913,63.63213115417848,164.96753220777936,FD_0003
2026-05-02 20:44:01.333984,14.374384729660322,34.72799334825832,58.66335318777806,9.361242087212869,62.38492944729418,179.51190280020376,FD_0003
2026-05-02 20:59:01.333984,13.486325684117606,36.85109555865011,58.804780826924514,10.053527489349007,62.203763649009396,181.39949320805064,FD_0003
2026-05-02 21:14:01.333984,14.062921077116217,34.03175634818633,47.7195234225699,7.561885755443176,50.670272335653586,154.0463589389692,FD_0003
2026-05-02 21:29:01.333984,11.887926016631585,33.570225894286295,47.09184823492555,8.229269072332585,53.54378211621812,154.32305133439414,FD_0003
2026-05-02 21:44:01.333984,15.140428977218203,33.56370148579106,45.39402566613343,7.955078572450394,48.70894726641271,150.7621819680058,FD_0003
2026-05-02 21:59:01.333984,13.80082466327856,34.88905134095148,46.375128926234154,7.3895091938430655,48.67111610121254,151.1256302255198,FD_0003
2026-05-02 22:14:01.333984,14.770056315249933,20.342138171528816,16.583630096340126,2.069185216791305,14.185428827312494,67.95043862722268,FD_0003
2026-05-02 22:29:01.333984,12.683968631285486,19.980318997951525,11.963803649499626,2.3747535337446215,15.613636304806986,62.616481117288245,FD_0003
2026-05-02 22:44:01.333984,13.481230092210332,21.40174990658703,14.147264881777541,1.5997048097530375,13.790929828629844,64.42087951895778,FD_0003
2026-05-02 22:59:01.333984,16.558612563903758,20.327475296434333,9.691331663014726,2.514700559108759,14.391869697070673,63.48398977953225,FD_0003
2026-05-02 23:14:01.333984,10.053685541671035,22.83040526864512,14.768949058133588,1.9258338515846951,18.627811799776026,68.20668551981046,FD_0003
2026-05-02 23:29:01.333984,15.72771700307263,19.68699827283031,13.634289642993037,1.7788461064567858,14.854759150451718,65.68261017580447,FD_0003
2026-05-02 23:44:01.333984,11.489716386761534,20.698509617378686,9.839210405144765,0.9764776937701172,15.939012271504755,58.94292637455986,FD_0003
2026-05-02 23:59:01.333984,13.303119706227903,21.218485465821704,13.100861936313315,1.8521703555307343,15.541120392304245,65.0157578561979,FD_0003
2026-05-03 00:14:01.333984,12.958333791024874,20.743474975263396,14.655242045732942,1.9376458521018591,10.633174661767683,60.92787132589075,FD_0003
2026-05-03 00:29:01.333984,13.64059146328165,20.61322765748578,11.371363622834712,1.4813311476929139,11.551691475451353,58.658205366746415,FD_0003
2026-05-03 00:44:01.333984,11.865591090741075,21.597085859726928,13.454208182129411,2.023510969160635,16.012384470902074,64.95278057266012,FD_0003
2026-05-03 00:59:01.333984,15.928573943260819,21.4379625607071,12.382855471594963,2.051422746535736,14.359220285886613,66.16003500798523,FD_0003
2026-05-03 01:14:01.333984,13.533880762403278,19.781853086372916,10.077650769583897,2.259984047054012,13.30939311510988,58.96276178052398,FD_0003
2026-05-03 01:29:01.333984,14.26754578779359,21.628750041950152,8.666353239302655,2.304875611507598,15.822328385952385,62.68985306650639,FD_0003
2026-05-03 01:44:01.333984,13.430597634016062,22.969224657096394,14.903750171802816,2.2951676984704177,17.806783740893795,71.40552390227948,FD_0003
2026-05-03 01:59:01.333984,11.952114938823337,22.985595365025777,12.343345324455061,1.1842947689370615,16.672491214595144,65.13784161183638,FD_0003
2026-05-03 02:14:01.333984,11.705925773209222,21.175100197331087,7.790952737985144,2.0005079259327148,12.849935895997032,55.5224225304552,FD_0003
2026-05-03 02:29:01.333984,15.168891746095667,19.15341511012516,15.22183244938049,1.6118879941579072,18.748008029740827,69.90403532950005,FD_0003
2026-05-03 02:44:01.333984,13.414374952821698,20.012668530530053,12.228835823569671,2.3507986961552336,8.257055797394079,56.26373380047073,FD_0003
2026-05-03 02:59:01.333984,11.048502896358364,21.66331828430272,15.978087754258736,1.9575031169826083,12.994502085613718,63.641914137516146,FD_0003
2026-05-03 03:14:01.333984,12.232224746899476,19.464535774434065,11.758190008506567,1.7800731511729317,15.888470064475428,61.12349374548846,FD_0003
2026-05-03 03:29:01.333984,13.2473138626195,21.294772658604597,10.332187531569371,1.8841582982858616,19.342418262419034,66.10085061349837,FD_0003
2026-05-03 03:44:01.333984,12.959755848976611,19.682248603928684,14.515514075422775,2.688132197438625,10.917696971219621,60.763347696986315,FD_0003
2026-05-03 03:59:01.333984,15.515002296721914,19.1040962277965,12.311206527874639,2.1423666497589693,16.793929284976034,65.86660098712805,FD_0003
2026-05-03 04:14:01.333984,9.622805439948834,,12.25825453654655,2.318882894034065,14.246531118162602,38.446473988692055,FD_0003
2026-05-03 04:29:01.333984,14.117553427784408,20.68471136241012,8.804416811715772,2.4069861494407148,12.724432956004604,58.73810070735561,FD_0003
2026-05-03 04:44:01.333984,15.42790507767188,21.05989981633351,8.33242235972109,2.3938058572036294,15.112368750477586,62.3264018614077,FD_0003
2026-05-03 04:59:01.333984,11.531306701708928,20.02317209318902,13.250864650615176,2.0555532295731433,12.332703388839137,59.1936000639254,FD_0003
2026-05-03 05:14:01.333984,15.89684590106142,21.276363300842377,18.04690057409067,1.7059275160564464,11.466820507996385,68.3928578000473,FD_0003
2026-05-03 05:29:01.333984,12.949629406278484,20.730390868402242,11.009480827772588,1.991565970378177,12.97720742960608,59.65827450243758,FD_0003
2026-05-03 05:44:01.333984,12.174583846175896,19.56864589236058,11.671395132897322,2.434483564198246,19.951465638500196,65.80057407413224,FD_0003
2026-05-03 05:59:01.333984,15.180690921606018,18.88861803839598,10.901954732019215,1.7340192701575468,21.478505354878855,68.1837883170576,FD_0003
2026-05-03 06:14:01.333984,17.045827952889926,28.514313510062017,40.77737317333294,6.766544360510551,42.10313642728473,135.20719542408017,FD_0003
2026-05-03 06:29:01.333984,11.845865910943537,29.250415962148594,38.52853209430513,6.201967971414559,46.327538891854765,132.1543208306666,FD_0003
2026-05-03 06:44:01.333984,13.390243166941026,30.246267536508256,39.69487748613331,6.6301912405542245,41.707502816753035,131.66908224688984,FD_0003
2026-05-03 06:59:01.333984,15.235435576853737,30.680412319455115,37.3177088965051,5.783075970686535,41.86876450234871,130.8853972658492,FD_0003
2026-05-03 07:14:01.333984,13.021423602721423,27.59342397249628,50.71156819837288,8.510157730449555,59.40806041369114,159.24463391773128,FD_0003
2026-05-03 07:29:01.333984,14.438314428137339,27.834713183121934,52.08312485462537,8.93757723038438,58.687836610986174,161.98156630725518,FD_0003
2026-05-03 07:44:01.333984,13.086279302115726,27.681478933306007,53.92382924067022,9.221492969341512,56.89941607455562,160.81249651998908,FD_0003
2026-05-03 07:59:01.333984,12.048674074469268,26.448248511966863,52.49870023768256,8.578870767675435,59.45437122830714,159.02886482010126,FD_0003
2026-05-03 08:14:01.333984,40.290154372065146,30.01104690977776,46.16660733575739,7.39951379660535,52.782723118133326,176.65004553233896,FD_0003
2026-05-03 08:29:01.333984,37.42938683592408,29.86765391013738,44.34763978370525,7.397712564734018,52.866745648425976,171.9091387429267,FD_0003
2026-05-03 08:44:01.333984,38.77729915401459,27.445123794523454,44.27064564058235,7.594846419794176,48.54533464982096,166.63324965873556,FD_0003
2026-05-03 08:59:01.333984,36.44525132183634,27.998802732918787,43.62374592320948,7.97554202647595,48.84918552611469,164.89252753055524,FD_0003
2026-05-03 09:14:01.333984,40.485428338793994,26.791685433872555,27.335327301596976,3.929222285363301,28.862695736879637,127.40435909650645,FD_0003
2026-05-03 09:29:01.333984,40.93814541730536,28.91484780996204,26.035039107513718,4.021325051642643,27.905746549876813,127.81510393630057,FD_0003
2026-05-03 09:44:01.333984,39.2130483369089,29.051609276460564,26.07560886439391,3.7598236846346174,24.811006874040515,122.9110970364385,FD_0003
2026-05-03 09:59:01.333984,45.82935846913835,29.095614163648737,27.814849180234752,4.230171524557781,30.08035414960461,137.05034748718424,FD_0003
2026-05-03 10:14:01.333984,43.475521267542824,29.3003977777815,29.111847966407165,3.7471062614569943,24.154917292233666,129.78979056542215,FD_0003
2026-05-03 10:29:01.333984,44.637171594482304,28.111865683412145,29.63605547285436,4.803445677357172,30.821217031257486,138.00975545936348,FD_0003
2026-05-03 10:44:01.333984,45.965693934619104,28.69019004384044,25.7483404633109,4.656789653429441,29.698725239037987,134.75973933423788,FD_0003
2026-05-03 10:59:01.333984,43.731753631228855,27.494827787020956,25.608997132559324,4.558811441654849,26.054485138777128,127.44887513124111,FD_0003
2026-05-03 11:14:01.333984,45.65670786150307,28.35443796926475,26.552892003212378,4.185882929132709,28.695338762410145,133.44525952552306,FD_0003
2026-05-03 11:29:01.333984,45.757082545080046,30.26160100018507,24.91602900249176,3.7323451477067224,29.057396857729394,133.724454553193,FD_0003
2026-05-03 11:44:01.333984,43.962346899044256,26.39861167968702,25.359571082693602,4.446765984792378,28.50097594226405,128.6682715884813,FD_0003
2026-05-03 11:59:01.333984,42.395468085760356,28.641627373735435,25.630416055708096,4.344639676855152,29.842008425040536,130.85415961709958,FD_0003
2026-05-03 12:14:01.333984,44.5873585658521,28.665333989585008,25.226077839914584,3.734785973197785,24.59305099746232,126.8066073660118,FD_0003
2026-05-03 12:29:01.333984,45.50560377052747,30.719707580124144,24.811547691584497,3.682190436782657,32.98525728084746,137.70430675986626,FD_0003
2026-05-03 12:44:01.333984,47.65717236494022,27.39498527371115,29.646767135484975,4.300220755605199,29.237950992632783,138.23709652237434,FD_0003
