timestamp,meter_id,consumption_kw,voltage_v,current_a,power_factor,frequency_hz
2026-04-26 12:44:01.333984,MT_000073,5.094947732602398,226.42589022391047,0.06331318869765716,0.9188034101619531,50.01398204570985
2026-04-26 12:59:01.333984,MT_000073,4.88885070452889,227.28509235085804,0.18433272268080148,0.752692417475876,49.892698922586575
2026-04-26 13:14:01.333984,MT_000073,4.0131808389420005,236.8713908035764,-0.06871994502292156,0.7780728666312879,49.880698311715484
2026-04-26 13:29:01.333984,MT_000073,5.465493537035445,226.3361981806859,-0.0669858360056472,0.9327320535206872,49.87938487608377
2026-04-26 13:44:01.333984,MT_000073,7.0843024659522165,220.30477764902662,0.23096190071767397,0.9147548907820907,50.336190485386545
2026-04-26 13:59:01.333984,MT_000073,5.656118503850417,227.83001955342263,0.07890124629267616,0.809315392246519,49.96769756378967
2026-04-26 14:14:01.333984,MT_000073,4.95391289321637,224.39931620302357,-0.07472325520830675,0.8868447263462266,49.7757225464044
2026-04-26 14:29:01.333984,MT_000073,4.874297368740908,231.1184959082832,-0.06468787110215983,0.8738785225547276,49.91101016508312
2026-04-26 14:44:01.333984,MT_000073,4.430908250829903,230.84210730745178,-0.15231571825988197,0.8523645288504652,50.042384599649665
2026-04-26 14:59:01.333984,MT_000073,5.639198793438763,228.23343883603457,0.16377989416184793,0.8565057427421465,50.037580226065074
2026-04-26 15:14:01.333984,MT_000073,6.1207719349827405,233.18586238784223,0.21402302023670775,0.9245667509639842,50.08093427116179
2026-04-26 15:29:01.333984,MT_000073,7.196590524397561,226.8954433848736,-0.18776536091347334,0.7923648174088935,50.01890048533691
2026-04-26 15:44:01.333984,MT_000073,4.781228273489926,234.269786040206,-0.1594277394721922,0.9133737136164655,49.86353953984599
2026-04-26 15:59:01.333984,MT_000073,5.776110473067187,226.55225034334052,0.06272775233659067,0.856240638482819,49.96760501215325
2026-04-26 16:14:01.333984,MT_000073,6.812390258340646,220.12710436296805,0.04423252964347031,0.8706903729043314,49.815190331184645
2026-04-26 16:29:01.333984,MT_000073,5.278719322688562,233.56730070768387,0.055824214956705864,0.9068723192409239,50.143658901911266
2026-04-26 16:44:01.333984,MT_000073,4.855840628315465,230.50487867453552,-0.029550083623305353,0.9044244557520559,50.11427692261038
2026-04-26 16:59:01.333984,MT_000073,6.275073709394111,217.28898592104903,0.127862679717211,0.8057556261392165,49.778025719136096
2026-04-26 17:14:01.333984,MT_000073,4.695887555697071,231.42798300279594,0.06552258441847875,0.8517849245820652,50.03542597171987
2026-04-26 17:29:01.333984,MT_000073,4.43236390505586,230.01520640757525,-0.2051923646516912,0.7939416860262887,49.99048823823192
2026-04-26 17:44:01.333984,MT_000073,5.320079790211202,223.99971913841478,0.0030293246483465985,0.8770921177942952,49.9380579356909
2026-04-26 17:59:01.333984,MT_000073,6.2917694686017365,229.5999817817797,0.04480328964106162,0.8258001945299123,49.867990853304356
2026-04-26 18:14:01.333984,MT_000073,22.428856626300135,232.43280384717784,0.08283390248350478,0.833978217280276,49.822338323345384
2026-04-26 18:29:01.333984,MT_000073,24.59848652061659,226.5338015620521,0.17954381949214354,0.8218336137769069,50.063227247261956
2026-04-26 18:44:01.333984,MT_000073,21.750394129497984,228.03247724761073,0.2370877592602428,0.7946005796391215,49.79315957444356
2026-04-26 18:59:01.333984,MT_000073,22.87881382324558,229.2523956871265,0.06808287381404254,0.8961950420620266,50.042096871099474
2026-04-26 19:14:01.333984,MT_000073,23.642427823842187,235.26064682236535,0.15719959395658323,0.8595584167616521,49.9686633595912
2026-04-26 19:29:01.333984,MT_000073,22.575233001405575,229.06412905208362,0.0035185802330255367,0.8021044283447495,50.03323582545491
2026-04-26 19:44:01.333984,MT_000073,22.81982035098203,229.9893910130313,0.07405300466265308,0.834939668405271,50.1180603947505
2026-04-26 19:59:01.333984,MT_000073,24.67391479873399,225.33756334967006,0.16235668826133876,0.8414545839413073,50.055488494619496
2026-04-26 20:14:01.333984,MT_000073,24.227149644336574,228.52544397924476,0.14241709572053335,0.8236207855650878,50.02548233338654
2026-04-26 20:29:01.333984,MT_000073,24.074265541914084,238.42573695057368,0.12121021684910642,0.8307631259304591,50.029113308807815
2026-04-26 20:44:01.333984,MT_000073,23.572442433677313,226.24241296534876,-0.0015716013379671323,0.9190683232639473,49.96841621566301
2026-04-26 20:59:01.333984,MT_000073,22.969287457350564,235.9029065504883,0.33140592167276517,0.8105796258124527,50.16982352104522
2026-04-26 21:14:01.333984,MT_000073,2.685607020498017,233.6005433556317,0.024775675541690183,0.7867375406366969,49.83807336093734
2026-04-26 21:29:01.333984,MT_000073,1.2012560067058549,238.376566031146,-0.03806744705227136,0.8861598372181784,50.10263503551187
2026-04-26 21:44:01.333984,MT_000073,2.330113067944045,234.4434626549418,-0.06118796448766517,0.8835103946873292,49.998103843182804
2026-04-26 21:59:01.333984,MT_000073,0.7245199610003292,233.6916436756327,0.02361053422331555,0.8844860201739494,49.9807812164485
2026-04-26 22:14:01.333984,MT_000073,3.1384982789065883,231.97430588676835,0.07364947926209146,0.7848983182509905,50.07310596862538
2026-04-26 22:29:01.333984,MT_000073,3.9458894149969774,234.00869706542215,0.1300284285939562,0.8557772592099113,49.75868229335102
2026-04-26 22:44:01.333984,MT_000073,3.389564953289962,225.13711875611625,0.019282515191569666,0.8615681858708824,50.173585020019196
2026-04-26 22:59:01.333984,MT_000073,3.581993048744631,230.2461164581163,0.10528914216360091,0.8987586818735459,50.069397701286654
2026-04-26 23:14:01.333984,MT_000073,2.955665904332365,229.50884715638003,0.26565478897531253,0.7454889912897903,50.16051691349375
2026-04-26 23:29:01.333984,MT_000073,3.182622055433768,235.7417349343709,-0.17789880161640487,0.8336927366599687,49.952235949985464
2026-04-26 23:44:01.333984,MT_000073,2.8232671462824555,235.59724295217094,-0.0400102400724272,0.8821062779751062,50.017265345691946
2026-04-26 23:59:01.333984,MT_000073,1.8817257592419556,227.54258542328856,0.10531578857213708,0.9216217599342806,50.00562859525133
2026-04-27 00:14:01.333984,MT_000073,2.6868557323117543,231.17884957318208,-0.20775344232920753,0.8481604980148147,49.99467671074839
2026-04-27 00:29:01.333984,MT_000073,2.110269614183494,232.93901968124243,0.045756264570933625,0.8877893875968432,49.95360966879806
2026-04-27 00:44:01.333984,MT_000073,3.2227371879454125,234.90573083172671,0.28710826948322277,0.7968537014791178,49.83696898886801
2026-04-27 00:59:01.333984,MT_000073,1.2449005424994337,234.0428082154807,-0.1764210701039492,0.8110498406776394,49.892986427754025
2026-04-27 01:14:01.333984,MT_000073,1.6695753370999364,231.05073186882083,0.02133677188424693,0.8186171162179998,49.96655409831082
2026-04-27 01:29:01.333984,MT_000073,3.0038302760776032,240.5167669491362,-0.08783719838554613,0.8910059630963331,50.130101110595696
2026-04-27 01:44:01.333984,MT_000073,2.1773864890500145,234.80058610339356,0.08788308500210774,0.8440606094963338,50.01094192306618
2026-04-27 01:59:01.333984,MT_000073,,234.16376196781007,-0.07265716923614052,0.8105541388188054,50.037412896843506
2026-04-27 02:14:01.333984,MT_000073,3.4144274794726055,226.25545796523775,0.09630852206019393,0.8708089386404313,49.8262644152372
2026-04-27 02:29:01.333984,MT_000073,3.2981972333938083,236.08606106816845,-0.1743036918592238,0.842446963526399,50.17820594616618
2026-04-27 02:44:01.333984,MT_000073,2.9999634338034755,232.01233897584316,-0.15802942425644328,0.8123790002191559,49.85409667490584
2026-04-27 02:59:01.333984,MT_000073,2.0891948185403826,230.26586179243418,0.02523759335178665,0.8447887471021008,49.94039056793112
2026-04-27 03:14:01.333984,MT_000073,2.194518397375768,229.23405619545036,0.12239306701953644,0.8558947431822506,50.123891178885295
2026-04-27 03:29:01.333984,MT_000073,2.702918167960142,229.37103515617778,0.03529919044238331,0.8565387987546264,49.961248493823604
2026-04-27 03:44:01.333984,MT_000073,2.6319859798043423,237.716049952739,-0.0010145502094398452,0.7940217775677286,50.01030480452932
2026-04-27 03:59:01.333984,MT_000073,3.5514095760883224,231.43199394803014,0.17215283600503833,0.747105136160097,49.99980120740008
2026-04-27 04:14:01.333984,MT_000073,1.603799608040915,227.22807481457534,0.11173896708652052,0.8286895108479879,50.14397720652868
2026-04-27 04:29:01.333984,MT_000073,3.520122818221161,223.46446595877566,0.008194980055009495,0.8529654087380628,50.10216882110347
2026-04-27 04:44:01.333984,MT_000073,2.0103827179639864,223.8082713461484,0.12093807642600408,0.8851113047780932,50.04385573112513
2026-04-27 04:59:01.333984,MT_000073,3.7045522784700036,233.74347809249784,0.0839509393990253,0.840241132006113,49.91860778485569
2026-04-27 05:14:01.333984,MT_000073,23.04733810853283,229.3379824153993,0.11467198652732791,0.8596718121627909,49.930686655699695
2026-04-27 05:29:01.333984,MT_000073,22.28575194799329,230.75099073225036,-0.05890365349318065,0.8668289936635487,50.01871716177861
2026-04-27 05:44:01.333984,MT_000073,24.081023368603013,222.3278930272323,0.23484972787015085,0.7932247331351681,50.11454178974165
2026-04-27 05:59:01.333984,MT_000073,23.951982766916398,233.29356672850594,0.08072637549049548,0.7947978722359494,49.914328735470264
2026-04-27 06:14:01.333984,MT_000073,24.034680306971328,227.02065602126405,-0.017631460862559484,0.760980598279851,49.830632144102175
2026-04-27 06:29:01.333984,MT_000073,23.39308805899764,228.12675227536698,0.05969990469611283,0.8578370545441103,50.212366339777304
2026-04-27 06:44:01.333984,MT_000073,23.410449875764442,232.00516061291054,0.0397880766576694,0.7579193975650145,49.85179399430848
2026-04-27 06:59:01.333984,MT_000073,21.735255956342005,236.0628994360021,0.13969369317357716,0.78853796944014,50.127739104284075
2026-04-27 07:14:01.333984,MT_000073,23.391598844884033,233.43265131474843,-0.10538498698889089,0.8892887058998752,49.81828161705842
2026-04-27 07:29:01.333984,MT_000073,23.505053698139637,229.49236457179785,0.10880564290246353,0.8523022927241357,49.75086788853313
2026-04-27 07:44:01.333984,MT_000073,22.077324773143033,236.13565347408166,0.1356440323374103,0.8357070575043114,49.955827978754755
2026-04-27 07:59:01.333984,MT_000073,,221.54889158952702,0.0895855423458051,0.9265309848377901,50.127301866912696
2026-04-27 08:14:01.333984,MT_000073,5.3060674658266835,226.4229426263604,0.11737746878135745,0.8569258273482809,50.117336881877755
2026-04-27 08:29:01.333984,MT_000073,3.9764337303304345,232.49150323945733,0.004995005488434109,0.9119935013953323,50.11832041725228
2026-04-27 08:44:01.333984,MT_000073,5.500324935729655,231.47725231305415,-0.02405220935702513,0.7901711843331061,49.865034075399855
2026-04-27 08:59:01.333984,MT_000073,6.778301364279,221.28924939446333,0.09528947169262209,0.8936501358117349,50.02531090892511
2026-04-27 09:14:01.333984,MT_000073,4.503782721136688,231.67672016559789,-0.017177599633833807,0.9460815853925799,50.057276107647425
2026-04-27 09:29:01.333984,MT_000073,3.475357780170114,231.87109497797826,-0.11328096248906867,0.7930140371971448,49.74649251526483
2026-04-27 09:44:01.333984,MT_000073,6.300212116792204,231.38483805496392,-0.10091521590875124,0.9088618931830256,49.97924108443298
2026-04-27 09:59:01.333984,MT_000073,5.476828893528346,234.65486199506307,0.020514143157744046,0.8897034750678164,49.92540260007183
2026-04-27 10:14:01.333984,MT_000073,6.3195321097485975,231.03819350137513,0.0647876798338646,0.817086004701352,49.94013492012784
2026-04-27 10:29:01.333984,MT_000073,3.409773341235388,224.49645179001445,-0.05913875985610042,0.7775936816526917,49.93908745613381
2026-04-27 10:44:01.333984,MT_000073,6.914877428214198,230.42526932967343,0.08053461786337897,0.8586213389170558,50.034731654442844
2026-04-27 10:59:01.333984,MT_000073,5.586750897873868,231.90418437843238,-0.10488998396065105,0.8598574058269529,50.03457706818591
2026-04-27 11:14:01.333984,MT_000073,4.990374699772533,226.59715339019752,0.05335171035464288,0.7788404884365129,50.00830486273911
2026-04-27 11:29:01.333984,MT_000073,5.87626429785088,232.771761693266,0.11943016045334882,0.7998674535924579,50.000199313460804
2026-04-27 11:44:01.333984,MT_000073,3.365481913692101,228.07522864080906,-0.00756189983243568,0.9610342575377975,49.961690862312174
2026-04-27 11:59:01.333984,MT_000073,5.357640913843756,235.52340871423112,0.06874083937556255,0.7680271274477157,49.92768920720988
2026-04-27 12:14:01.333984,MT_000073,2.487379002170001,231.37185486740003,0.09436167121969177,0.875358560167366,49.989527803094866
2026-04-27 12:29:01.333984,MT_000073,4.4973309415211755,233.11571511403062,0.007372741136452433,0.8631519801951805,49.93248844231818
2026-04-27 12:44:01.333984,MT_000073,5.680968973585093,230.9420718977536,0.07706365371610581,0.8913687635014734,49.94764076052526
2026-04-27 12:59:01.333984,MT_000073,5.037801429442228,231.92558080143243,0.0585128781219276,0.8091749786749081,50.00758282438016
2026-04-27 13:14:01.333984,MT_000073,4.927405089919288,230.05603166764888,-0.019335909380710357,0.8291713341577907,49.937701664905724
2026-04-27 13:29:01.333984,MT_000073,4.651693495457751,228.24416984558553,-0.006147641460847193,0.8760285580250334,50.02966095821662
2026-04-27 13:44:01.333984,MT_000073,6.534064282423584,230.0376921984948,0.09495441064697649,0.8253302012147753,49.97330014919365
2026-04-27 13:59:01.333984,MT_000073,6.280059009697374,234.9780704746228,0.004177598866261446,0.8506575674129574,50.15255873533304
2026-04-27 14:14:01.333984,MT_000073,5.6974484111276364,227.09814527064898,0.08956080747602718,0.8792147235205494,50.01099639560173
2026-04-27 14:29:01.333984,MT_000073,4.768130760132518,232.59340945845733,-0.07210704050457091,0.8547127230048457,49.96488734093998
2026-04-27 14:44:01.333984,MT_000073,4.15901300378972,223.45821667915675,0.032160754832127304,0.7028183218682765,50.18292417912982
2026-04-27 14:59:01.333984,MT_000073,6.6614257500350815,234.15562922910738,-0.008519344313859305,0.8425532254393581,49.87566876624979
2026-04-27 15:14:01.333984,MT_000073,4.153576999405326,234.09530551332102,0.11508827565349862,0.8939844455352737,50.04940790739428
2026-04-27 15:29:01.333984,MT_000073,5.321405350535773,237.80947076308038,0.09344321676584372,0.9575100601242271,49.95492219038357
2026-04-27 15:44:01.333984,MT_000073,4.651413188202943,230.9513989315334,-0.06482236411653816,0.9661431513904732,49.99701450708313
2026-04-27 15:59:01.333984,MT_000073,5.225293524723773,218.87111520908908,0.07330128375978955,0.7669867755195106,49.9956908466135
2026-04-27 16:14:01.333984,MT_000073,4.705272095565249,230.46648471860473,0.005868361099909401,0.836854507050582,50.09555734129174
2026-04-27 16:29:01.333984,MT_000073,3.4573072169814147,235.6130902484426,0.053539478484399605,0.7476297017306803,49.98174107671593
2026-04-27 16:44:01.333984,MT_000073,3.955978022502785,228.6785149738082,0.1640306149253194,0.9205525357769172,50.11670583593996
2026-04-27 16:59:01.333984,MT_000073,4.123540968610907,223.02546568562568,-0.020102110604176014,0.8941713906867269,50.144048185953245
2026-04-27 17:14:01.333984,MT_000073,5.858237943453889,231.24158838964976,0.09311731974179466,0.9032375449106116,50.02509965605521
2026-04-27 17:29:01.333984,MT_000073,5.648044549818136,223.22679396757545,0.06854766322256751,0.9569448572730141,50.01159875034065
2026-04-27 17:44:01.333984,MT_000073,3.8842766448930734,224.94830533670185,-0.04768288193355555,0.9279332882449682,49.863535093802945
2026-04-27 17:59:01.333984,MT_000073,4.457775238864372,224.8396696359362,0.0045856733944118246,0.7576340497683853,50.11220305023998
2026-04-27 18:14:01.333984,MT_000073,23.636042134132687,231.6934647373485,0.08826251099576238,0.892643458872435,50.04680814872778
2026-04-27 18:29:01.333984,MT_000073,22.987494828969975,234.883116343197,0.22419270692995538,0.7573714454737981,49.97107098283751
2026-04-27 18:44:01.333984,MT_000073,23.27597806689852,233.2984557126751,-0.04859166978873419,0.8539556578976973,49.99111271245378
2026-04-27 18:59:01.333984,MT_000073,22.148452526529557,229.41297116563453,0.11219439904320513,0.8822347636508634,50.081765527889964
2026-04-27 19:14:01.333984,MT_000073,22.45342257839806,239.94631332362988,0.14384015405818892,0.8387648334482042,50.00273435009953
2026-04-27 19:29:01.333984,MT_000073,22.083153334539322,223.39679550550522,0.17499207996591748,0.832287006988525,50.03807957853869
2026-04-27 19:44:01.333984,MT_000073,25.18077467171789,229.96439789687733,0.05656051385193068,0.7629469178895367,49.92614502766705
2026-04-27 19:59:01.333984,MT_000073,23.39905225516985,232.15403277897408,0.02920832820610278,0.758323462751246,49.86277737460779
2026-04-27 20:14:01.333984,MT_000073,22.11994929613645,232.00346938450397,0.11488113632822056,0.8682668517387622,50.067170450533396
2026-04-27 20:29:01.333984,MT_000073,23.275215392316476,235.65088563464187,-0.01175731847137465,0.8889047353499856,50.094768887288865
2026-04-27 20:44:01.333984,MT_000073,23.200086919017405,226.71343991778718,0.044087416010077596,0.8921446222642709,49.94616809523707
2026-04-27 20:59:01.333984,MT_000073,24.20340881212951,232.73714895639438,-0.05508815794626533,0.8208008790450988,49.90403251526102
2026-04-27 21:14:01.333984,MT_000073,2.9058919297966024,228.89540086874905,-0.02100068493794592,0.8628420270684748,50.234486196807175
2026-04-27 21:29:01.333984,MT_000073,3.4015864024792,228.55301549883518,-0.08527983186592303,0.753371942614509,50.0859915721534
2026-04-27 21:44:01.333984,MT_000073,4.389769558514501,225.87803787479174,-0.06675302166963548,0.7715276536160764,50.14707646330245
2026-04-27 21:59:01.333984,MT_000073,1.9233688205327581,230.2860320319306,0.10919935378870288,0.7530687842206526,49.87906714083172
2026-04-27 22:14:01.333984,MT_000073,2.912934069736557,235.20616791180825,-0.14616187360478264,0.9163222669647945,50.01269922889353
2026-04-27 22:29:01.333984,MT_000073,2.6297855980345592,238.32265815931282,-0.15892117635045014,0.9289410275998412,49.87235686690762
2026-04-27 22:44:01.333984,MT_000073,1.9052017521690514,235.39609041090742,0.14862536283471653,0.8892697600785311,49.98240233592903
2026-04-27 22:59:01.333984,MT_000073,1.2292849957397447,233.07952361301304,-0.06348544073406899,0.8807930571117835,49.94229951243238
2026-04-27 23:14:01.333984,MT_000073,3.2350725138072383,235.85549849211202,-0.13369778550097675,0.8909499077595173,49.951755713297786
2026-04-27 23:29:01.333984,MT_000073,1.661738786191695,233.39107393006506,0.04271075228112791,0.796590548903584,50.044466288156194
2026-04-27 23:44:01.333984,MT_000073,1.6429977923949783,222.98738273098945,0.02909800899441592,0.8642257926932809,49.97339407645267
2026-04-27 23:59:01.333984,MT_000073,2.722783066116909,225.6133388382464,0.13954579653449237,0.8147510821335945,50.087326109651414
2026-04-28 00:14:01.333984,MT_000073,2.5410440475964418,231.93234716051103,-0.14695772729928822,0.8763121641892486,50.07321526733571
2026-04-28 00:29:01.333984,MT_000073,1.697489837709616,230.96114613329917,-0.029432477120464758,0.8684468317818967,50.02835153879412
2026-04-28 00:44:01.333984,MT_000073,2.7348218522511325,218.82811531051567,-0.05975353237915847,0.8801975857427138,49.964783671257585
2026-04-28 00:59:01.333984,MT_000073,3.6895525540043126,228.8404721816228,0.03507174240972995,0.8815289959159209,49.939051070272434
2026-04-28 01:14:01.333984,MT_000073,2.971715003584268,224.85543320868862,-0.07558698294499432,0.8412109048854701,50.10538724524061
2026-04-28 01:29:01.333984,MT_000073,3.9257916765608574,234.96130560287588,0.03483420561427416,0.8751616435476713,50.07834232860926
2026-04-28 01:44:01.333984,MT_000073,2.68825505131337,231.11824034396247,-0.023048215302195585,0.8488704609141935,50.02788339601489
2026-04-28 01:59:01.333984,MT_000073,3.576061159808768,229.15698550887706,-0.17012887295798995,0.8937684861432785,50.065239179078326
2026-04-28 02:14:01.333984,MT_000073,2.6913290916074177,227.93517862875578,0.1430121479356868,0.832767436791493,50.01837755495292
2026-04-28 02:29:01.333984,MT_000073,2.2710507259278865,234.37272485959258,0.0636730472976186,0.8732207552337891,49.965128798621365
2026-04-28 02:44:01.333984,MT_000073,3.4900745608449344,240.567866169891,-0.006031263201000352,0.8496039031190612,49.97418202032495
2026-04-28 02:59:01.333984,MT_000073,2.3146451487033195,232.83125273227327,0.14932368619209035,0.7766050170178684,50.008915153642505
2026-04-28 03:14:01.333984,MT_000073,2.6675689120403367,229.79179429789394,0.010444662314899609,0.8899049576151559,50.026029427168645
2026-04-28 03:29:01.333984,MT_000073,2.3640892837393928,235.97897366273503,0.0647311536818992,0.8662287587674734,49.94420195497031
2026-04-28 03:44:01.333984,MT_000073,2.5379178181550808,228.92974914263812,0.005050466241887175,0.8319961881386886,49.988343443861694
2026-04-28 03:59:01.333984,MT_000073,2.4972894858191124,227.33103982597376,0.013577908286952194,0.83329561403086,49.85359793033782
2026-04-28 04:14:01.333984,MT_000073,4.545091855429382,229.33930116299723,0.07442880671784524,0.7659480943207015,50.103942138681624
2026-04-28 04:29:01.333984,MT_000073,3.0172078208016213,238.67877173666415,-0.07420137849182291,0.8486136228397148,50.104497457990206
2026-04-28 04:44:01.333984,MT_000073,2.6779883685557597,226.81077744318074,0.1938449597915862,0.8772775345824647,49.85402063532216
2026-04-28 04:59:01.333984,MT_000073,3.500695724904564,236.21718448508662,-0.029504922227651643,0.8251858564975383,49.91809459957732
2026-04-28 05:14:01.333984,MT_000073,22.897671953814935,219.50126832932884,0.020129493702648008,0.8804271481851781,49.77553899885192
2026-04-28 05:29:01.333984,MT_000073,22.431341010866237,234.15614879974194,0.16698934031471696,0.9075997127715543,49.88014212555233
2026-04-28 05:44:01.333984,MT_000073,21.522583982439766,232.63190586967596,0.22408813485230367,0.8320499524069852,50.17154298981563
2026-04-28 05:59:01.333984,MT_000073,24.041714857903685,228.49614537689237,0.15699424228685785,0.6906245848983289,50.026440370495976
2026-04-28 06:14:01.333984,MT_000073,24.39538053410348,230.81960720122686,0.044490861768397526,0.8976486332369359,50.087489234050985
2026-04-28 06:29:01.333984,MT_000073,24.13879377281787,231.74048120781998,0.19663296418612303,0.8809736456470965,50.029412012768084
2026-04-28 06:44:01.333984,MT_000073,21.70647831834269,233.70968858679518,0.09162617891616238,0.7761423274646537,49.91898585113247
2026-04-28 06:59:01.333984,MT_000073,23.46009058691863,230.99756908234355,0.0028905732489975244,0.8971845889854887,50.00867477814638
2026-04-28 07:14:01.333984,MT_000073,23.798002401303975,235.62838490568348,0.26859311605975833,0.8788469374867875,50.10385992630873
2026-04-28 07:29:01.333984,MT_000073,24.359818114738175,234.7768910616794,0.10808786116680141,0.8163848166819446,49.98742633970373
2026-04-28 07:44:01.333984,MT_000073,24.705279486712467,233.72548247191656,0.15840759927122833,0.8223944965766758,49.84987312826317
2026-04-28 07:59:01.333984,MT_000073,23.977299376540337,223.29215339263953,0.3110033878605882,0.8061904298043499,50.016225871393736
2026-04-28 08:14:01.333984,MT_000073,6.560159742276823,231.62790527398013,0.1328986607860752,0.780189095296807,50.02952300109657
2026-04-28 08:29:01.333984,MT_000073,5.334076742707886,232.0565463956063,-0.05765232024329922,0.8927928063400076,49.889442184323386
2026-04-28 08:44:01.333984,MT_000073,,233.02982607790773,-0.007465283446481934,0.7502815412451461,49.71186551804694
2026-04-28 08:59:01.333984,MT_000073,4.179193548880809,223.05077613575597,-0.014245241954887779,0.773112156736542,49.978194072661815
2026-04-28 09:14:01.333984,MT_000073,5.5504114429776585,227.47538025929487,0.019301688018772377,0.9391814346662476,50.00747933557117
2026-04-28 09:29:01.333984,MT_000073,4.526887553056972,223.64678808770455,-0.09531621058166737,0.8899163993724062,49.998093586822485
2026-04-28 09:44:01.333984,MT_000073,3.046894162706706,232.7442329426533,-0.07176563863834291,0.7806879765913105,49.917751900509415
2026-04-28 09:59:01.333984,MT_000073,3.614870341735889,231.9661869278734,-0.03604264353385322,0.9185047343445869,49.91968248967323
2026-04-28 10:14:01.333984,MT_000073,5.294571550389442,238.27460288352725,-0.0085727154038913,0.8416258294033486,49.98011114383752
2026-04-28 10:29:01.333984,MT_000073,3.927253072977373,238.33482784994482,-0.017961335327846873,0.841089272389622,49.88919474864056
2026-04-28 10:44:01.333984,MT_000073,,230.8197345439392,0.11256479086663522,0.8097733300466954,49.971870261464645
2026-04-28 10:59:01.333984,MT_000073,5.024017952311457,223.2507181823638,0.2766245593503954,0.8180177622350229,49.941991483762315
2026-04-28 11:14:01.333984,MT_000073,2.986036455517805,232.88309832767285,0.08378756518991486,0.7349915417960986,50.02758953111476
2026-04-28 11:29:01.333984,MT_000073,4.9280758713420365,228.8044999882858,0.1742054328992588,0.8800246566080872,49.84616585381002
2026-04-28 11:44:01.333984,MT_000073,3.8542629898333454,225.96255844201417,0.09393877422639975,0.8123156506091194,50.03550234679147
2026-04-28 11:59:01.333984,MT_000073,4.712838624700335,234.78501256321815,0.2500899537167905,0.8841469414186928,49.90061634063987
2026-04-28 12:14:01.333984,MT_000073,5.363866715468422,226.0733825277238,-0.07141843464925388,0.8660268544294728,49.94812420164538
2026-04-28 12:29:01.333984,MT_000073,5.2312229202807625,234.70287601427978,0.07768811775222344,0.8858714424954106,50.081625327085604
2026-04-28 12:44:01.333984,MT_000073,4.465450865890157,225.43612003151225,0.015687633791365133,0.9535477823789272,50.04544557174484
2026-04-28 12:59:01.333984,MT_000073,4.962669551267994,229.83254226807412,-0.15343700730468388,0.8746551676769655,49.816206384773714
2026-04-28 13:14:01.333984,MT_000073,5.236882156963063,229.8482192563094,0.05380664758456328,0.888287009394629,49.99468571850981
2026-04-28 13:29:01.333984,MT_000073,5.128369745627178,231.63548457724713,0.021975890021719815,0.8249002897973365,50.04624333307565
2026-04-28 13:44:01.333984,MT_000073,4.993755950661203,222.38273524280962,0.04348809842703588,0.8394041332244307,50.007749966482955
2026-04-28 13:59:01.333984,MT_000073,4.571274181425624,233.84637690249383,-0.1304658822279287,0.872711856168887,50.102957267365504
2026-04-28 14:14:01.333984,MT_000073,4.376207429688812,231.61755371774373,0.05607333099930284,0.8421467597818535,49.91204611890818
2026-04-28 14:29:01.333984,MT_000073,4.590350009187792,225.50671123436578,0.011086145605958117,0.8260166873483502,49.86057618385979
2026-04-28 14:44:01.333984,MT_000073,5.6058282533439865,225.95398491402378,0.12523425202599883,0.8442988074436998,49.937996233671306
2026-04-28 14:59:01.333984,MT_000073,4.577730516665961,227.13886026778567,-0.04993214553670029,0.9384334950431852,50.08263310471141
2026-04-28 15:14:01.333984,MT_000073,5.359659655493532,223.53502076491407,-0.03537750265178874,0.8424918755081279,50.233775016070105
2026-04-28 15:29:01.333984,MT_000073,6.063996601000208,225.99978885902493,-0.0027330608004574528,0.8248837754332651,50.111943638112386
2026-04-28 15:44:01.333984,MT_000073,6.038501550201359,235.94662313278428,-0.042296594855595206,0.8472697991225815,50.00571049955752
2026-04-28 15:59:01.333984,MT_000073,5.0146572535131835,230.3739434762323,0.10514375322562261,0.8011324892182308,49.850068814389985
2026-04-28 16:14:01.333984,MT_000073,4.680215159485798,236.0452782955373,0.16235097620555045,0.8466441679479986,50.161456509040846
2026-04-28 16:29:01.333984,MT_000073,4.89149962841879,233.6127036306634,-0.053380962004726404,0.8381548248042208,49.86992476022247
2026-04-28 16:44:01.333984,MT_000073,5.717643882566154,232.22861864234102,0.03922336814664537,0.8101750963105616,49.78693139319772
2026-04-28 16:59:01.333984,MT_000073,5.865066898403055,224.0047874269277,-0.0010120208236570755,0.8661452438609355,49.9834809441132
2026-04-28 17:14:01.333984,MT_000073,5.4108619861851555,228.25621737429435,0.00084226753619418,0.882890930892912,49.99356349876632
2026-04-28 17:29:01.333984,MT_000073,4.573516348245617,228.23898844778878,-0.08512855033573703,0.9549038849893138,50.040495793345166
2026-04-28 17:44:01.333984,MT_000073,3.974152714781562,228.5291410779765,0.10640898906354214,0.8443812677274879,49.92558724370062
2026-04-28 17:59:01.333984,MT_000073,4.961025190218236,227.5421386467286,0.07206164668813092,0.8729271754820453,50.112337389574265
2026-04-28 18:14:01.333984,MT_000073,23.706065259640855,227.9296093028438,0.19129583688901447,0.8438122883672622,50.120133116159884
2026-04-28 18:29:01.333984,MT_000073,24.779391988824166,224.73967761865705,-0.06839151649468463,0.8093430645893189,49.986062947327405
2026-04-28 18:44:01.333984,MT_000073,22.32249588115813,221.19946533877888,0.13891518428340585,0.8503556429773941,49.97646145574162
2026-04-28 18:59:01.333984,MT_000073,23.15698954395979,219.9672686005461,0.13883293799330385,0.8430964082351335,49.99179555037535
2026-04-28 19:14:01.333984,MT_000073,22.03849101205311,226.56673029859385,0.18948557469804045,0.8656485951290681,49.91021014808701
2026-04-28 19:29:01.333984,MT_000073,23.246610149005367,226.92190616966258,0.044722532329438576,0.8021810015146283,49.925990601337745
2026-04-28 19:44:01.333984,MT_000073,23.50950898129552,235.92968302679643,-0.04735795539205541,0.7904268794052249,49.944253218949385
2026-04-28 19:59:01.333984,MT_000073,23.92529936997077,240.18712696565828,0.1713792096860134,0.9117439030965184,49.99864178272117
2026-04-28 20:14:01.333984,MT_000073,22.693876556070265,224.2163856173755,0.07143220211281213,0.9003406571494958,49.979205792415996
2026-04-28 20:29:01.333984,MT_000073,,222.82712133823966,0.20736477980775508,0.8754148718756982,50.11439284034895
2026-04-28 20:44:01.333984,MT_000073,22.066932023706542,226.7172156899613,0.13409428426045245,0.9118209821527563,50.0400244099888
2026-04-28 20:59:01.333984,MT_000073,22.570671397951013,228.73878234795214,0.12797880041893034,0.8377339687866164,50.052697111341
2026-04-28 21:14:01.333984,MT_000073,1.2678712221421808,223.0131507174747,0.03308891168578591,0.9189038987655388,49.982502081517865
2026-04-28 21:29:01.333984,MT_000073,2.308101526245482,233.7948584029156,-0.0495439344882171,0.8224141988262773,49.850851303371996
2026-04-28 21:44:01.333984,MT_000073,2.311022695976831,230.46751270538357,-0.028050825331032946,0.8990726991796723,50.0939284087952
2026-04-28 21:59:01.333984,MT_000073,3.086564382385453,229.9513587429628,0.21295086418224918,0.8037028741397667,50.046938260692095
2026-04-28 22:14:01.333984,MT_000073,2.517703570617477,229.29730970623817,-0.03561019707641749,0.8853136701133612,49.99280104234483
2026-04-28 22:29:01.333984,MT_000073,3.5519502141434245,234.66137305972046,0.014584309531091948,0.8985067922455793,49.75358472838792
2026-04-28 22:44:01.333984,MT_000073,2.8553519918341816,230.89897068861683,-0.16481576755153235,0.8105119173623827,49.96628499752789
2026-04-28 22:59:01.333984,MT_000073,2.786328357177639,238.90222472795074,0.10444509824700257,0.8145037707509184,49.82857894125774
2026-04-28 23:14:01.333984,MT_000073,2.7986732395146663,227.38523902030965,0.20495363987103993,0.7339956960078646,50.08026533198035
2026-04-28 23:29:01.333984,MT_000073,2.7045896313805606,230.76008916648576,0.0374798252849671,0.8084520940789119,50.10718008188443
2026-04-28 23:44:01.333984,MT_000073,1.6892464882389806,241.6801636672941,-0.046468833938748955,0.8720573240424357,50.15929054192933
2026-04-28 23:59:01.333984,MT_000073,2.2043166592078816,237.71466605098615,0.10246551145366598,0.8660512663349579,49.951229171131274
2026-04-29 00:14:01.333984,MT_000073,1.7296423659464226,225.29731619196653,0.11575939976311109,0.7570216518480006,50.06328381119525
2026-04-29 00:29:01.333984,MT_000073,2.218780200050941,222.40509682282868,0.053779479963995735,0.9032051293984288,50.06199970281762
2026-04-29 00:44:01.333984,MT_000073,2.51779515700876,229.802025334072,0.00818584950574008,0.8241301201863869,49.95168989193426
2026-04-29 00:59:01.333984,MT_000073,2.3995717075533762,238.03356333358212,-0.007846699899626145,0.8628910228777691,50.10587343907036
2026-04-29 01:14:01.333984,MT_000073,2.7903995881900405,219.66001107553177,-0.08092438218803388,0.8298783037397177,49.96907726949383
2026-04-29 01:29:01.333984,MT_000073,3.6840952056265213,229.8046206469677,-0.16229085723311845,0.9098426833161785,50.013905075577846
2026-04-29 01:44:01.333984,MT_000073,3.191946234524228,235.34144269952594,0.1308710619936681,0.7841037422843078,50.082824801715184
2026-04-29 01:59:01.333984,MT_000073,2.1911364675878273,234.46374384195968,-0.18031060266704352,0.8702979757977936,49.94857237949961
2026-04-29 02:14:01.333984,MT_000073,2.3722160598221853,226.16330027352234,-0.0010035072236993618,0.8831467563883193,49.97511081822255
2026-04-29 02:29:01.333984,MT_000073,2.9188836583858917,234.19734878921724,0.1457326524320444,0.8228086561469358,49.88437538314828
2026-04-29 02:44:01.333984,MT_000073,0.6785314703725562,230.57041161662295,0.00032420000957475567,0.8796951741957871,50.0182488197659
2026-04-29 02:59:01.333984,MT_000073,2.6750580372663713,231.94199398219982,0.08519370784633519,0.816301089783884,49.9788217060172
2026-04-29 03:14:01.333984,MT_000073,3.9077377892011915,231.09851829002338,-0.02193605272760271,0.7588538405701386,49.980541263705874
2026-04-29 03:29:01.333984,MT_000073,3.185600973398847,223.75378589942312,-0.04587846307882191,0.7538565850573995,49.95162935208598
2026-04-29 03:44:01.333984,MT_000073,2.6688484520888185,224.33699496793585,-0.007440090980892173,0.8428956444092557,49.89333631222924
2026-04-29 03:59:01.333984,MT_000073,2.910237090028341,242.28454529306808,-0.0517680578766071,0.9343474798817366,49.904262094602025
2026-04-29 04:14:01.333984,MT_000073,2.96445033855654,227.290995614463,0.05555402006501334,0.8533521448134269,49.96270861484242
2026-04-29 04:29:01.333984,MT_000073,2.226145806685788,228.76960963531243,0.03399136778066965,0.7709398059163227,49.967787009437885
2026-04-29 04:44:01.333984,MT_000073,3.4631240312611276,222.52866395033348,0.1699839228484881,0.8852571072505075,49.918105487843114
2026-04-29 04:59:01.333984,MT_000073,1.5893403670961606,227.54591691898494,-0.12493657989322896,0.7857079455869536,49.99705951929143
2026-04-29 05:14:01.333984,MT_000073,23.752987056398418,233.30068759065946,0.05951894822736151,0.9029091095390511,50.20978469826267
2026-04-29 05:29:01.333984,MT_000073,21.899200183183346,234.62545365865086,0.05176232382070177,0.781908429809409,50.15980691996679
2026-04-29 05:44:01.333984,MT_000073,22.4997502419683,231.56716513822317,0.14063036267861895,0.7997585511620079,50.061489878541224
2026-04-29 05:59:01.333984,MT_000073,22.091833784912062,225.003676226345,0.020544543418464303,0.8573331623319084,50.08005227852902
2026-04-29 06:14:01.333984,MT_000073,24.666198630692616,230.6453099307001,0.05279538176637871,0.8502634809797925,50.05744591906053
2026-04-29 06:29:01.333984,MT_000073,23.014084310079387,226.22694591029966,0.135475578976713,0.8050936946082043,50.131482721888446
2026-04-29 06:44:01.333984,MT_000073,22.79617280868176,233.46677890631935,0.15117859172416276,0.8091367845278605,50.07476005379641
2026-04-29 06:59:01.333984,MT_000073,23.986469909514586,233.2329517241854,0.11787357472896903,0.923319011904625,49.91243131897755
2026-04-29 07:14:01.333984,MT_000073,24.59011136100519,237.85599688548336,0.01213589694122616,0.8454449593256346,50.26407288396373
2026-04-29 07:29:01.333984,MT_000073,23.66305905663441,228.91788425883004,0.10662520291820658,0.8883618112272706,49.957007021322376
2026-04-29 07:44:01.333984,MT_000073,24.825615902997068,233.14318366561474,0.21448296616533427,0.8446131974685899,50.085579654094076
2026-04-29 07:59:01.333984,MT_000073,23.121042707623126,223.27182485525495,0.14671263609043894,0.8099588244545436,49.83226072216571
2026-04-29 08:14:01.333984,MT_000073,5.01769534264482,231.35638905949028,-0.06099876294443611,0.8024952613306136,50.15772066290939
2026-04-29 08:29:01.333984,MT_000073,5.005760346026144,238.85087399101602,-0.06430584463076731,0.9011577043648907,50.01382050874077
2026-04-29 08:44:01.333984,MT_000073,5.757658345583953,238.09255526745554,0.13681983792473632,0.835775524781774,49.94543971386999
2026-04-29 08:59:01.333984,MT_000073,5.885090959727279,222.11692831556525,-0.12112595068255869,0.924939629892416,49.964369776461076
2026-04-29 09:14:01.333984,MT_000073,5.385978617679259,227.90772180115087,-0.14610208807534983,0.8890387425738393,49.92114339002236
2026-04-29 09:29:01.333984,MT_000073,4.644496461077116,225.17284852926406,0.16287745978673326,0.8858265332716553,49.95113671252937
2026-04-29 09:44:01.333984,MT_000073,5.37326643198234,228.99318569817024,0.05954747951682238,0.8307794443341571,50.226921601237855
2026-04-29 09:59:01.333984,MT_000073,6.122584046179843,231.5695926324319,0.007187126915358777,0.8461911578057519,49.887584082919645
2026-04-29 10:14:01.333984,MT_000073,5.016890635952554,220.55953347651828,0.14188836669176627,0.7906679010855763,49.97180682932999
2026-04-29 10:29:01.333984,MT_000073,5.21238048637201,232.60824042197896,-0.07431299542355616,0.8423953106286333,49.91643019492872
2026-04-29 10:44:01.333984,MT_000073,4.9509598950092375,232.641213047672,0.04445466800173341,0.8239503094899183,49.95245917261588
2026-04-29 10:59:01.333984,MT_000073,5.24588749000982,232.50061309008163,0.13628990319530748,0.863341851430824,49.8863828407176
2026-04-29 11:14:01.333984,MT_000073,5.860843715087279,227.46359343186157,-0.010404922375155973,0.9767976184159022,50.12536971303815
2026-04-29 11:29:01.333984,MT_000073,6.13139143423101,238.96528768501173,0.08825206917144943,0.8292078144644569,49.930510474935225
2026-04-29 11:44:01.333984,MT_000073,4.48323716339728,234.43548205077224,0.05575834597457034,0.8112709476087766,49.86382005962405
2026-04-29 11:59:01.333984,MT_000073,4.683745412310297,221.64350459490564,0.014825914135760584,0.8269863143043672,49.88498478256326
2026-04-29 12:14:01.333984,MT_000073,5.94281136462307,228.43676332320285,0.1183036087144987,0.9333410122724349,50.003844699261535
2026-04-29 12:29:01.333984,MT_000073,5.254879064953401,225.069065170475,-0.2325217698291144,0.7607035282790924,50.05138219441676
2026-04-29 12:44:01.333984,MT_000073,4.466765425127813,229.23869554745974,-0.02620087059216699,0.87313840953503,49.99536609065084
2026-04-29 12:59:01.333984,MT_000073,5.819297517075571,226.24166375874148,0.15579905954636117,0.8547837657782903,49.89272110487934
2026-04-29 13:14:01.333984,MT_000073,4.9422984537623265,221.0145548554421,0.2748508858015751,0.8637126364648088,50.01398450902197
2026-04-29 13:29:01.333984,MT_000073,4.099190615095919,229.05197322572934,-0.22396746158333808,0.9153378024813221,50.275917467155494
2026-04-29 13:44:01.333984,MT_000073,4.488537035591204,233.60041419349287,-0.07872011392094033,0.9096731035216503,49.94640480926991
2026-04-29 13:59:01.333984,MT_000073,5.0078971729973505,232.59116491123896,-0.04330043315119156,0.8462576086993651,50.12587501803328
2026-04-29 14:14:01.333984,MT_000073,4.699917374774064,225.03426198333187,0.043108447063797045,0.8943379467047636,50.02918458386567
2026-04-29 14:29:01.333984,MT_000073,6.488958607098219,223.06135918471094,-0.02507010831118358,0.8260235908122795,49.989622716276834
2026-04-29 14:44:01.333984,MT_000073,5.256666156826037,221.36722021247587,0.003918330535631766,0.9188115436710578,49.988050557473684
2026-04-29 14:59:01.333984,MT_000073,6.626166572958428,225.34062768193283,0.08149035080626141,0.8772670714756533,49.93643333835801
2026-04-29 15:14:01.333984,MT_000073,4.04287288139263,223.77614392971566,0.0059398436291799705,0.8199792585265249,50.10103418331522
2026-04-29 15:29:01.333984,MT_000073,,232.44279023168727,0.055332785499396325,0.8652495851276266,49.97816845876516
2026-04-29 15:44:01.333984,MT_000073,5.935405067830409,228.7006909171299,0.062268353811413144,0.8637311942270277,49.89737627830458
2026-04-29 15:59:01.333984,MT_000073,2.9950012445127507,231.57093270534196,0.12585812426549922,0.8929398952827798,50.045546135515615
2026-04-29 16:14:01.333984,MT_000073,4.591420472159666,225.70181085325726,-0.014826474346330706,0.9233855435171381,50.03865255107205
2026-04-29 16:29:01.333984,MT_000073,4.99818411966345,223.26965980446084,0.3016147066761592,0.9117427492208698,49.87086431808695
2026-04-29 16:44:01.333984,MT_000073,6.134320216957139,230.33147682458727,0.02522977989511914,0.8155073990470793,50.08551878810266
2026-04-29 16:59:01.333984,MT_000073,5.274058657977627,234.90665044972337,-0.03536478088458428,0.932961886211685,49.9085320674956
2026-04-29 17:14:01.333984,MT_000073,4.870509233501026,236.37046324684326,0.1373726486697219,0.90100700456086,50.045440748313965
2026-04-29 17:29:01.333984,MT_000073,5.347226791906178,229.16380980772124,0.06456487921637144,0.8862004625839565,50.04657475683274
2026-04-29 17:44:01.333984,MT_000073,4.858764612874422,231.84276620958403,0.07826388353904093,0.9538710276397644,50.02617028671644
2026-04-29 17:59:01.333984,MT_000073,6.283029019314029,232.05726413262872,0.062240832316378045,0.8988665070180353,50.04879877139063
2026-04-29 18:14:01.333984,MT_000073,22.83133544505768,242.4714834008461,0.0010799009076085109,0.8475656771443476,49.95348121072914
2026-04-29 18:29:01.333984,MT_000073,23.258452033480708,221.42518858033466,-0.06903577279430131,0.9476680260307084,49.96930352555566
2026-04-29 18:44:01.333984,MT_000073,23.96553990881001,229.5138581038643,0.06922652474133278,0.7973473761937422,49.99458456182011
2026-04-29 18:59:01.333984,MT_000073,22.149299769451886,231.53257013360437,-0.06148690023543213,0.7839216205593984,50.12614323695447
2026-04-29 19:14:01.333984,MT_000073,21.85652691534178,220.51909735079786,-0.1390463049461585,0.9211420371599119,50.03712547479253
2026-04-29 19:29:01.333984,MT_000073,23.563198334437267,227.14887440577502,0.17739577400515197,0.7957377566712709,50.01571480846938
2026-04-29 19:44:01.333984,MT_000073,23.985721958541838,231.3044735032713,-0.01851857567210302,0.9050830687340647,50.033437691884735
2026-04-29 19:59:01.333984,MT_000073,23.711028797072935,229.32771127267242,0.3349006504458971,0.8931260551793739,49.994482433346285
2026-04-29 20:14:01.333984,MT_000073,23.038273513140375,231.13103752364074,-0.07385014477904327,0.8063736184157296,50.003297546176135
2026-04-29 20:29:01.333984,MT_000073,24.72205259344121,230.21796566295023,0.042823587775628086,0.8113300584614938,49.97457713917761
2026-04-29 20:44:01.333984,MT_000073,23.159273203754275,225.1161946361711,0.1765286326927724,0.9103999180461623,50.08993796664905
2026-04-29 20:59:01.333984,MT_000073,21.65585013984071,227.7682258217559,0.08110869993576844,0.8646851412172782,49.92408159755492
2026-04-29 21:14:01.333984,MT_000073,0.8607492919740425,232.9179848204899,0.13798031321064297,0.8714037844517902,50.00848890787803
2026-04-29 21:29:01.333984,MT_000073,2.6208106601279626,240.91892873123774,-0.005516318042629717,0.772358039888711,49.9039002479511
2026-04-29 21:44:01.333984,MT_000073,2.4422396119178793,237.49681489469012,0.06313239665612709,0.7849658975134535,49.918412252916326
2026-04-29 21:59:01.333984,MT_000073,3.093502654864956,229.8883603825179,0.04564907446218663,0.7575953238144953,50.096616825591084
2026-04-29 22:14:01.333984,MT_000073,2.5361506492123382,234.82819643261197,0.15866484921477772,0.967066609078331,50.15369269022128
2026-04-29 22:29:01.333984,MT_000073,2.945992877072449,234.98159473436243,-0.0816280373128654,0.8687053998049044,49.99035261792072
2026-04-29 22:44:01.333984,MT_000073,2.576002487113719,235.21404696304825,-0.006525987799146085,0.7769459931511363,50.10541188225408
2026-04-29 22:59:01.333984,MT_000073,1.0880916863186336,212.95168800283534,-0.05459348731293741,0.8021735958391029,49.9622213624549
2026-04-29 23:14:01.333984,MT_000073,2.164591873740562,235.57504543556743,-0.05919350584176253,0.7803944367851687,50.00303444012564
2026-04-29 23:29:01.333984,MT_000073,2.927197651961388,228.31926178293517,0.13020209090454188,0.8804452014651839,50.0239889561676
2026-04-29 23:44:01.333984,MT_000073,2.428243902935999,222.3726649839161,0.1222753718016499,0.939217780623675,50.012047283881095
2026-04-29 23:59:01.333984,MT_000073,2.269533573671283,231.9859466491943,0.05377626676547082,0.923637529211339,50.02422121527868
2026-04-30 00:14:01.333984,MT_000073,1.7130890936217846,229.31773710123915,0.16058874318345642,0.8054180371371854,49.94402789251445
2026-04-30 00:29:01.333984,MT_000073,3.2171277002613863,231.2783341997277,0.17916723104224314,0.8899441959053247,49.8932652349569
2026-04-30 00:44:01.333984,MT_000073,3.1502254105633267,230.7132367832019,-0.05161289734912761,0.8501188033319628,50.055958593044274
2026-04-30 00:59:01.333984,MT_000073,2.319240256389504,229.46907528814967,0.09601684709030048,0.8845397368116583,50.152910903868225
2026-04-30 01:14:01.333984,MT_000073,3.186298246457266,227.90246060488553,0.011981861555455298,0.8318012180566091,49.95876033341565
2026-04-30 01:29:01.333984,MT_000073,3.7878637801161528,234.67556409349098,0.056622058570562364,0.8160377331743092,50.11776958728897
2026-04-30 01:44:01.333984,MT_000073,2.637067940511213,228.91073068422605,-0.21130064950844027,0.8134446291269324,50.04763548661078
2026-04-30 01:59:01.333984,MT_000073,1.3527475981552635,235.58818397383797,-0.014287857472596602,0.8185775190295543,50.07192546611734
2026-04-30 02:14:01.333984,MT_000073,2.439027427697972,229.28903093989632,0.022829514044344905,0.8004559838100961,49.84770500737988
2026-04-30 02:29:01.333984,MT_000073,2.614380851765193,222.22632797605476,0.04986303928988635,0.8480908926333917,49.93613756399206
2026-04-30 02:44:01.333984,MT_000073,2.848244192829554,233.53232213090772,0.09693315167441419,0.7625852080525595,50.137304802612626
2026-04-30 02:59:01.333984,MT_000073,3.212014271374068,218.23865689797893,0.06825394580530521,0.880494755046487,49.877435458058486
2026-04-30 03:14:01.333984,MT_000073,1.9582449530694577,227.0200884754449,-0.08075003278293344,0.8579321937744984,50.125198483250045
2026-04-30 03:29:01.333984,MT_000073,2.103994564391713,226.41469690808054,0.06658513419699337,0.9196741527365394,50.0646795739434
2026-04-30 03:44:01.333984,MT_000073,0.6277104865252612,236.26636391487676,0.023361166651616805,0.817747154757157,50.143749339056384
2026-04-30 03:59:01.333984,MT_000073,4.192188453831124,232.85051162399952,0.16990738679121303,0.9546645568441586,49.927961300418396
2026-04-30 04:14:01.333984,MT_000073,4.0216863025795515,222.82588800935324,-0.04895569150496583,0.8698525106349071,50.07985490916315
2026-04-30 04:29:01.333984,MT_000073,1.012970107972324,228.6780088827074,-0.10514839499087064,0.8015398161750741,49.788854575005395
2026-04-30 04:44:01.333984,MT_000073,,225.13239198264384,0.07505614183471865,0.7972617616391177,49.887555074397184
2026-04-30 04:59:01.333984,MT_000073,2.379352811883321,233.173720688309,-0.02747968624784131,0.8134176703480023,49.97343290841753
2026-04-30 05:14:01.333984,MT_000073,23.021261020742763,236.59961593312892,0.22174924743202223,0.8408393462454031,50.160295544063786
2026-04-30 05:29:01.333984,MT_000073,24.138685609702105,235.84173983381277,0.12577953075396017,0.9120730345488217,49.88243122523769
2026-04-30 05:44:01.333984,MT_000073,23.00196452822689,229.26601910064196,0.07506647137268278,0.7970845950864431,49.890024682154625
2026-04-30 05:59:01.333984,MT_000073,23.233095812383326,225.14037451954283,-0.01107328241286247,0.9035377595953296,49.87302968340555
2026-04-30 06:14:01.333984,MT_000073,23.831782170972932,227.80281110511405,0.20720879797638128,0.843719287891633,49.9800045790271
2026-04-30 06:29:01.333984,MT_000073,24.857869346616397,236.5515446439528,0.09364254071559536,0.8057081989646026,49.95867343446699
2026-04-30 06:44:01.333984,MT_000073,23.435784875553157,233.17615523425678,0.11010176948680704,0.8562648246135793,49.96980492466084
2026-04-30 06:59:01.333984,MT_000073,22.67396680790852,233.41877833652308,0.29576080321007575,0.8018690172367147,50.00310907240638
2026-04-30 07:14:01.333984,MT_000073,20.938762994215494,227.80474734134847,-0.0956562849629105,0.9056698693822869,50.06787358005968
2026-04-30 07:29:01.333984,MT_000073,24.11724703183545,227.93065501571868,0.10948483932285508,0.735779237403105,49.88656727589621
2026-04-30 07:44:01.333984,MT_000073,25.105583519183185,221.94177049271553,0.011191353197956333,0.9083567344660253,50.111289005729795
2026-04-30 07:59:01.333984,MT_000073,22.59241467628674,233.25166497371742,0.019338797587013373,0.8746611096324669,50.00272369456374
2026-04-30 08:14:01.333984,MT_000073,4.745604147298773,228.31304881452698,0.1256933377289038,0.8168508665868223,49.993513809336804
2026-04-30 08:29:01.333984,MT_000073,5.292275135306471,237.47258540128365,0.21385008334743155,0.8842790319661153,50.0271970795266
2026-04-30 08:44:01.333984,MT_000073,5.154821975470626,238.31122189548574,-0.06983517520520185,0.8034503992698151,50.04952687170911
2026-04-30 08:59:01.333984,MT_000073,6.2064315561901795,225.93723960732888,-0.05012675364973335,0.8108672326024435,50.00131093344631
2026-04-30 09:14:01.333984,MT_000073,5.542307711984385,233.6524718929225,-0.17622553320740106,0.8650366357582906,50.00683126155837
2026-04-30 09:29:01.333984,MT_000073,5.70388880278703,226.11227798465904,0.033023232135554616,0.818297921479135,50.01464952150775
2026-04-30 09:44:01.333984,MT_000073,4.204327370072892,231.842962756805,0.026335360576666703,0.8109172902956594,49.98155562783187
2026-04-30 09:59:01.333984,MT_000073,7.308834602918466,231.47430844893455,-0.014754088012609003,0.7946517008470931,50.08451526087883
2026-04-30 10:14:01.333984,MT_000073,5.321325214187581,229.18700031691267,0.0036955726635953187,0.8195195254557173,50.23538347733315
2026-04-30 10:29:01.333984,MT_000073,6.650352202552211,237.07784430722032,0.06320757945417169,0.7899451723370131,50.08385108291707
2026-04-30 10:44:01.333984,MT_000073,5.573457651738002,233.0246301449388,-0.06746564998763468,0.8772439904412331,50.09268837131768
2026-04-30 10:59:01.333984,MT_000073,5.83920912643029,224.25942661609642,0.1331471517451284,0.7400086058047621,50.10184639818906
2026-04-30 11:14:01.333984,MT_000073,4.968156306299188,224.76986926751633,0.07080162920686506,0.7793409538597521,50.02320528087313
2026-04-30 11:29:01.333984,MT_000073,4.237431179054832,231.79574157078838,0.02433381513090206,0.8307051786013087,50.04256380692416
2026-04-30 11:44:01.333984,MT_000073,6.275698133975339,228.4098425217628,-0.17941033364887343,0.9567495657744243,49.92219020438579
2026-04-30 11:59:01.333984,MT_000073,5.068991743727113,238.22167822781208,-0.09569057213488102,0.899277149858207,50.05884963831487
2026-04-30 12:14:01.333984,MT_000073,5.210066742991412,235.0038333651412,-0.12226906327926834,0.8325648452451706,50.09062465086766
2026-04-30 12:29:01.333984,MT_000073,5.728703187860881,230.07765084137134,0.06536018784404618,0.8555741205759229,50.038118284823845
2026-04-30 12:44:01.333984,MT_000073,5.729785672290483,227.63476801013167,0.03428707162606481,0.8656128008304026,49.968826632304314
2026-04-30 12:59:01.333984,MT_000073,5.155561118030983,233.03758994641888,-0.014255069073695559,0.9601112553828945,50.11528768148241
2026-04-30 13:14:01.333984,MT_000073,4.109312133511352,232.37317122906205,0.1445127872346823,0.8325395860154796,49.92910284512733
2026-04-30 13:29:01.333984,MT_000073,5.91702900227615,229.9390407335862,0.008272005027799515,0.8847348644085768,50.03448141530617
2026-04-30 13:44:01.333984,MT_000073,6.367475765116886,231.82087583068608,0.1317133185559332,0.8669106831157393,50.13801882438011
2026-04-30 13:59:01.333984,MT_000073,5.826430405309099,226.44943704651357,0.02111050416707491,0.8982203878463413,50.05116577036634
2026-04-30 14:14:01.333984,MT_000073,6.386825350391904,229.148518175351,0.18408967702567033,0.8440532656400952,49.84312301696146
2026-04-30 14:29:01.333984,MT_000073,4.4697645602067695,231.8914541497449,-0.09945132709535004,0.8722704729503543,50.06905049643605
2026-04-30 14:44:01.333984,MT_000073,4.419431494358165,233.09039616632535,0.07638391416805486,0.8992512754484103,49.9883563190968
2026-04-30 14:59:01.333984,MT_000073,3.9968431381252123,223.60951606168646,-0.11846184501281029,0.7857135969232848,50.04854966904416
2026-04-30 15:14:01.333984,MT_000073,4.948019628246886,240.7650705764707,0.08801528368581205,0.8044581890359939,49.992757491688494
2026-04-30 15:29:01.333984,MT_000073,4.582823869913854,232.9818717167037,-0.09284559179502709,0.8429361525787493,49.97540220920392
2026-04-30 15:44:01.333984,MT_000073,6.690602362789197,233.69921785705168,0.11682466509872583,0.8262481229860252,49.93658773745483
2026-04-30 15:59:01.333984,MT_000073,6.593785440240641,228.97965411690222,0.009434848347473927,0.8637374455681255,50.023209238675896
2026-04-30 16:14:01.333984,MT_000073,4.927490998723514,229.3771675624904,0.0818508307247858,0.8994935379272812,50.150977518935115
2026-04-30 16:29:01.333984,MT_000073,4.366632359521145,236.21312089297334,-0.0032553892781022956,0.8888895405428142,50.17629238619677
2026-04-30 16:44:01.333984,MT_000073,5.0175644018444165,225.9497261504958,0.03440278784951368,0.8214855411698367,49.8602492828377
2026-04-30 16:59:01.333984,MT_000073,4.998746754761204,233.6353625725637,0.04441114110557989,0.8154903800657112,50.19251940943782
2026-04-30 17:14:01.333984,MT_000073,6.275119852385439,229.81233863809518,0.0035981340054747728,0.9549582444500946,50.05085058556956
2026-04-30 17:29:01.333984,MT_000073,5.153920816727281,227.81376237187382,0.07502754620172741,0.7937428988618784,49.99892888577545
2026-04-30 17:44:01.333984,MT_000073,5.370243477488289,231.44243271545744,0.07631510645413772,0.8356982597079937,49.96254337661475
2026-04-30 17:59:01.333984,MT_000073,5.346412119693764,229.1900724900237,-0.0683997949301232,0.8677029283275892,49.95743734248186
2026-04-30 18:14:01.333984,MT_000073,22.604322910255778,233.1587626392788,0.1900106295706875,0.881922809816039,49.86608635912409
2026-04-30 18:29:01.333984,MT_000073,21.150717480359933,230.52946446442317,0.22426603939353812,0.7659185564945582,49.976627547466286
2026-04-30 18:44:01.333984,MT_000073,24.22148428265148,231.37481113964327,0.08398708369332351,0.8523632852353448,49.913746088521286
2026-04-30 18:59:01.333984,MT_000073,23.74602312436246,227.844321355382,-0.05076265850587407,0.7519883301961624,50.11528809213457
2026-04-30 19:14:01.333984,MT_000073,22.865345827343553,232.08577669355844,-0.06491676327593066,0.8646598353743108,50.087729801763764
2026-04-30 19:29:01.333984,MT_000073,21.986940787982746,230.6712768534364,0.12597615813689272,0.7419946287081911,49.847894313249306
2026-04-30 19:44:01.333984,MT_000073,21.287800814848705,231.990196861149,0.11615973806316866,0.8750419972334267,50.05965267257414
2026-04-30 19:59:01.333984,MT_000073,24.08565334436907,235.39310090817352,0.34300056457585865,0.8561647431348961,49.92896950876022
2026-04-30 20:14:01.333984,MT_000073,23.135855558178463,225.83601211945913,0.0965385326713284,0.9293718035870799,49.7494776584701
2026-04-30 20:29:01.333984,MT_000073,22.173413352296553,231.9624322777369,-0.05629297584224874,0.859863603711699,50.10150764567853
2026-04-30 20:44:01.333984,MT_000073,23.307737024006244,223.68921112502517,0.12411770934474944,0.8338305842313396,49.845023122974354
2026-04-30 20:59:01.333984,MT_000073,24.50891267159145,230.07447705430644,0.16190291006840257,0.868201818872412,50.048085700465435
2026-04-30 21:14:01.333984,MT_000073,3.3204312610419615,232.16691981218665,-0.045725981624512635,0.8735483860706579,50.04198026785858
2026-04-30 21:29:01.333984,MT_000073,3.5395151872103288,238.4652649847505,0.016102375734734227,0.8891981720338575,49.96136481523272
2026-04-30 21:44:01.333984,MT_000073,2.3836488400071514,235.55960705588802,-0.03499802510197498,0.8482974598127708,49.97021198123623
2026-04-30 21:59:01.333984,MT_000073,3.3314351982808486,229.07183570948044,-0.1182245273368877,0.8392890285746053,50.057371144077614
2026-04-30 22:14:01.333984,MT_000073,1.8340071545818006,227.5732318739069,0.03738216599737225,0.8381620074069235,50.09713873805165
2026-04-30 22:29:01.333984,MT_000073,1.30618916103018,227.06326099490136,0.023785860194985905,0.9182367346214575,50.03598719928205
2026-04-30 22:44:01.333984,MT_000073,2.4607419191881608,232.3111299206673,0.06644545874345785,0.8739301940689321,49.83858786720295
2026-04-30 22:59:01.333984,MT_000073,1.2720953624202784,228.18476154066394,-0.19667365440167284,0.8118941350784288,50.11760030551371
2026-04-30 23:14:01.333984,MT_000073,3.130812817161397,223.8325281533383,-0.008790024320258173,0.8320319093435455,49.94052776114661
2026-04-30 23:29:01.333984,MT_000073,3.842433511840775,226.6548462290379,0.12689578948864866,0.8855018184310484,50.0047769443256
2026-04-30 23:44:01.333984,MT_000073,4.083690938848829,226.93673114746454,0.024992632624989405,0.9392522628715924,50.03314843440463
2026-04-30 23:59:01.333984,MT_000073,2.2178352787431166,236.26787404501553,0.13264506553398292,0.8233443546283774,50.185414994249946
2026-05-01 00:14:01.333984,MT_000073,3.14111954033318,226.301570622966,0.027401647444387216,0.8842654414736917,50.12462266679794
2026-05-01 00:29:01.333984,MT_000073,2.0236111198842965,231.60780251996476,-0.08295530640712763,0.8495185675372564,50.01295198330263
2026-05-01 00:44:01.333984,MT_000073,,226.34885755483126,0.1181901341478741,0.8739149859989259,49.937723652044546
2026-05-01 00:59:01.333984,MT_000073,2.5679415200664724,227.30284124950595,0.19473141275794947,0.9282603195905461,50.15995593616199
2026-05-01 01:14:01.333984,MT_000073,3.3933461693103664,226.34391271230737,-0.07930785262126282,0.8351174485602565,49.95964412772388
2026-05-01 01:29:01.333984,MT_000073,1.800633059282633,226.95266880986313,0.02215219044648063,0.8758532412611583,50.04591899176767
2026-05-01 01:44:01.333984,MT_000073,3.9012618286427516,227.9005926439391,-0.09341216616798503,0.8117607486102816,49.724440773829556
2026-05-01 01:59:01.333984,MT_000073,1.7553702603723043,231.49124413000047,-0.044909849291322454,0.8198881463025001,50.06727514784771
2026-05-01 02:14:01.333984,MT_000073,2.459721936585733,234.9904549230191,-0.19125345771171096,0.8535129970365225,50.06652067736077
2026-05-01 02:29:01.333984,MT_000073,2.956721111234967,228.26161711951247,-0.09522864311974727,0.8902312300882519,49.849958523876445
2026-05-01 02:44:01.333984,MT_000073,2.909664588274491,235.52834982288368,-0.0027636017004865846,0.9100939198053614,49.96610974379282
2026-05-01 02:59:01.333984,MT_000073,1.60628471136157,230.48867859403424,-0.04997369948636639,0.8449251074689859,50.107260788922716
2026-05-01 03:14:01.333984,MT_000073,2.490645981605229,228.2143415838975,-0.13912826324900887,0.7967278686513577,50.01504568498875
2026-05-01 03:29:01.333984,MT_000073,2.907657784172384,222.93683859940938,-0.06663323707408707,0.9211675036245055,50.01562544162561
2026-05-01 03:44:01.333984,MT_000073,2.178681907832942,228.1147152004466,-0.08506761928801906,0.8122361943224254,49.85372413468082
2026-05-01 03:59:01.333984,MT_000073,3.0349526901806287,236.16784651956698,0.15585846574837736,0.8732988957859031,49.922506252234115
2026-05-01 04:14:01.333984,MT_000073,3.1415095975451477,230.51804140049987,0.043807824798596795,0.7798894446836478,49.996388534409476
2026-05-01 04:29:01.333984,MT_000073,3.696064129006837,230.80374347367982,-0.048215363199503036,0.8909396457274185,50.184399129377994
2026-05-01 04:44:01.333984,MT_000073,3.1817191563287825,232.64624768744804,0.08918548192065408,0.7676116444019211,49.85869271028633
2026-05-01 04:59:01.333984,MT_000073,2.4107466929845094,243.40906850666417,0.08687807280103926,0.8920860145686321,50.021125861929775
2026-05-01 05:14:01.333984,MT_000073,23.97285033029598,227.0150665392023,0.12159219942274613,0.9155893074003403,50.02456181288077
2026-05-01 05:29:01.333984,MT_000073,23.926858430346655,226.51926441714846,0.09909748675274896,0.8700688901247599,50.00204008382498
2026-05-01 05:44:01.333984,MT_000073,22.756557167551154,233.62319932274087,0.1788782791951793,0.8569879795508163,50.177342395303995
2026-05-01 05:59:01.333984,MT_000073,24.25425257923495,224.7543958036947,0.15866943199112374,0.8793685699321789,49.8266110050536
2026-05-01 06:14:01.333984,MT_000073,15.89740251098753,235.41662511062424,0.004547625261965075,0.8128211392261087,49.8740944048246
2026-05-01 06:29:01.333984,MT_000073,16.923603907143956,232.94960438349221,-0.027218721797629762,0.802533177513682,49.99602472567927
2026-05-01 06:44:01.333984,MT_000073,16.50171825874816,231.2226726575901,0.14895810386618108,0.867661477930559,50.03261105435651
2026-05-01 06:59:01.333984,MT_000073,17.165797957769012,227.3005546104144,0.10507698620884504,0.969874209721209,49.93757668973615
2026-05-01 07:14:01.333984,MT_000073,17.444235090507238,227.41449131151091,0.060573797872609,0.9917669469280234,49.90285927795319
2026-05-01 07:29:01.333984,MT_000073,15.090919053741278,227.45114497547516,0.0838268432151615,0.9141890623945403,49.9406134264882
2026-05-01 07:44:01.333984,MT_000073,16.616113840611963,233.43068779817077,0.15192304536100654,0.9541074702917124,49.95268630256592
2026-05-01 07:59:01.333984,MT_000073,16.83244235810964,220.9289072972517,0.07669445466078403,0.8488417225880913,50.014512870681656
2026-05-01 08:14:01.333984,MT_000073,3.717741829062433,237.64586159979186,0.03482714356615384,0.8166748671216604,49.891303177657186
2026-05-01 08:29:01.333984,MT_000073,3.642404628835076,233.2847702278956,0.03980590502079316,0.9485205638627415,50.08544649037742
2026-05-01 08:44:01.333984,MT_000073,3.881561245820761,232.5706550647688,0.025213941527115067,0.9511376311203549,50.10723661107193
2026-05-01 08:59:01.333984,MT_000073,6.227620992868452,237.7100725788158,0.21121976627342084,0.8836331786874754,50.06098844784964
2026-05-01 09:14:01.333984,MT_000073,6.58995813024293,233.00261481064476,-0.1042903136235956,0.7452625059181679,49.79948966230157
2026-05-01 09:29:01.333984,MT_000073,5.253814946630596,232.12865606538597,0.13203823569684867,0.8193131063576332,49.88507119436246
2026-05-01 09:44:01.333984,MT_000073,5.811390885764502,225.2765695189873,0.07017970846315691,0.831579919663691,49.90330685763527
2026-05-01 09:59:01.333984,MT_000073,4.383513380473297,226.77478980259443,0.11265079229156871,0.9145840148113376,50.16653641361415
2026-05-01 10:14:01.333984,MT_000073,6.9943311602624565,231.3989030546785,-0.10173084806571704,0.9020546358050424,49.87805265222752
2026-05-01 10:29:01.333984,MT_000073,6.638041903010901,230.29861284896793,0.18019024757135738,0.8733357753612805,50.070436813456055
2026-05-01 10:44:01.333984,MT_000073,5.73687882978805,239.22551212705363,-0.1203595306351372,0.9051900091661264,50.029954005933185
2026-05-01 10:59:01.333984,MT_000073,,228.08823233110425,0.15190962952765547,0.9168589711758102,49.9275286258384
2026-05-01 11:14:01.333984,MT_000073,5.0040120583595655,238.03115667611593,0.11703848003160176,0.9332012033211013,50.016145186066375
2026-05-01 11:29:01.333984,MT_000073,5.548074613149959,229.584997309777,-0.08648131407994492,0.752397339123954,50.005796865134
2026-05-01 11:44:01.333984,MT_000073,5.807928527819156,234.19226266306862,0.23074058027050204,0.7999596125587412,50.021238655635884
2026-05-01 11:59:01.333984,MT_000073,3.8028338894851093,226.89416625330847,-0.24934763474457367,0.91578158614371,49.89508271111072
2026-05-01 12:14:01.333984,MT_000073,5.723783496592966,224.84914462226394,-0.12536108132656837,0.8422778253625762,50.11944157601693
2026-05-01 12:29:01.333984,MT_000073,4.149960599162416,236.7697883385644,0.1889734250228135,0.8004407671757554,49.823985209772616
2026-05-01 12:44:01.333984,MT_000073,5.124642420354684,230.18541284028694,0.23761974880064604,0.8666757271594904,49.91375846165613
2026-05-01 12:59:01.333984,MT_000073,5.644431841500739,229.9963803635937,-0.09840369936483888,0.8908904551300997,50.03579608038571
2026-05-01 13:14:01.333984,MT_000073,4.435482542150619,232.83211784450785,0.16023083740271518,0.77496924043767,49.98845835162522
2026-05-01 13:29:01.333984,MT_000073,4.821474111486749,237.9347123246614,0.03947429457210477,0.924872132825018,49.95229174737115
2026-05-01 13:44:01.333984,MT_000073,6.267255524641955,237.2003159029382,0.007183151997497014,0.8829505291101981,49.8111132370224
2026-05-01 13:59:01.333984,MT_000073,5.863115253672989,229.72312165493318,-0.05874617622706334,0.7605619757428808,50.00120415276697
2026-05-01 14:14:01.333984,MT_000073,4.757836405897971,241.22542341214194,0.16892574077614309,0.8340392826928963,49.96985117731173
2026-05-01 14:29:01.333984,MT_000073,4.591807388536222,228.50566939264002,0.0605064565965244,0.8431125120701717,50.03042840808966
2026-05-01 14:44:01.333984,MT_000073,3.8015086499922237,234.14928006172173,-0.06439377836879528,0.8818514133192229,49.995593938019056
2026-05-01 14:59:01.333984,MT_000073,4.37639619060093,232.56768180734593,-0.07805101853359778,0.9571259629970627,49.88511517890692
2026-05-01 15:14:01.333984,MT_000073,3.6777752633916485,234.59872431291373,-0.01064091098058578,0.881279828603543,49.86936450368181
2026-05-01 15:29:01.333984,MT_000073,5.536347077631804,232.79719991288343,0.020072576725867704,0.8467720245313146,50.072659626920164
2026-05-01 15:44:01.333984,MT_000073,,235.44340572962602,0.1718300754890121,0.8336360241004809,49.92065879712079
2026-05-01 15:59:01.333984,MT_000073,6.0008356016553535,227.29180988752603,0.1703850558102934,0.7599396554218615,49.949309128529606
2026-05-01 16:14:01.333984,MT_000073,4.504372520181242,225.78792417786644,0.0929828753937378,0.8521581163397293,50.12193151449279
2026-05-01 16:29:01.333984,MT_000073,5.036473344796108,225.00064698032398,0.06707667019651153,0.9021468003419926,50.058842328160885
2026-05-01 16:44:01.333984,MT_000073,4.1606462610400285,226.95486748039104,0.03980652386788934,0.8027234533094517,50.07045539139374
2026-05-01 16:59:01.333984,MT_000073,4.513550872290384,233.26237325380427,0.05524600907331889,0.8301778684902487,50.03975886303105
2026-05-01 17:14:01.333984,MT_000073,6.7726222793849775,238.9615899668559,0.047481125297277105,0.7956257628355919,50.03312946589955
2026-05-01 17:29:01.333984,MT_000073,6.071756358364352,237.04159561658295,-0.0027476983966123053,0.8175809053732911,49.8865434993723
2026-05-01 17:44:01.333984,MT_000073,5.446211170930038,241.09842916074314,0.06949325923496033,0.8619673847940248,50.12866459854606
2026-05-01 17:59:01.333984,MT_000073,4.650933264247815,218.2509762999487,0.0803728636416875,0.9405765410840521,50.03610198731877
2026-05-01 18:14:01.333984,MT_000073,22.813237970846874,237.30116354325057,0.12487864347443982,0.8334033332025196,49.86667709476797
2026-05-01 18:29:01.333984,MT_000073,25.215956333516445,226.1667498955618,0.1411515091228067,0.8961147250366078,49.744283971187414
2026-05-01 18:44:01.333984,MT_000073,23.267273225944855,236.24497629878604,0.20521759428989061,0.8966351392840324,50.03706797329447
2026-05-01 18:59:01.333984,MT_000073,23.391015128657923,229.199196439597,0.12880178799878558,0.9157598719803441,50.06820053877079
2026-05-01 19:14:01.333984,MT_000073,24.350948578790007,234.1095909688338,0.04982768744887457,0.8807974622456358,50.07813395365315
2026-05-01 19:29:01.333984,MT_000073,23.67805706710645,230.20760125818921,0.05122489614275267,0.8451145316438801,50.03617067387952
2026-05-01 19:44:01.333984,MT_000073,23.007566616927484,236.06341810581267,0.0937548033827974,0.8687616394250268,49.9042114706645
2026-05-01 19:59:01.333984,MT_000073,23.750935589747407,232.79030675285918,0.16670115599634752,0.8297665505842584,50.00598734535347
2026-05-01 20:14:01.333984,MT_000073,22.853085231254305,232.886853063022,-0.014355464134451351,0.8486886296246088,49.88543879218328
2026-05-01 20:29:01.333984,MT_000073,23.899147670489096,238.08352312078927,-0.014385828189759683,0.842123524176956,50.00772489562708
2026-05-01 20:44:01.333984,MT_000073,22.994659118825446,226.92784869256428,0.17568606103924733,0.8493619436182517,49.893743311254774
2026-05-01 20:59:01.333984,MT_000073,22.90957865582896,225.07441275411705,0.1507142328361797,0.7746173981672533,49.79127215924835
2026-05-01 21:14:01.333984,MT_000073,1.2220639095525354,229.22920210860946,-0.07419333468896944,0.9047088058498916,50.171586645097626
2026-05-01 21:29:01.333984,MT_000073,2.6318774954185273,226.88183520725397,-0.0291604692997028,0.8642571584074109,49.79432611334169
2026-05-01 21:44:01.333984,MT_000073,1.297069855126851,223.48758216050456,-0.12188134860936742,0.9511706035193319,49.969547852022245
2026-05-01 21:59:01.333984,MT_000073,2.8443798339330773,222.09797246167318,0.025935075434436294,0.82394673179975,50.01172796073496
2026-05-01 22:14:01.333984,MT_000073,3.326407849889134,222.82817737347466,-0.03993841828852445,0.8343909091643492,50.03401957290087
2026-05-01 22:29:01.333984,MT_000073,2.578221531645196,224.8591143611309,0.08953230150555164,0.9752301657857199,49.968673843605686
2026-05-01 22:44:01.333984,MT_000073,0.4664398092864199,234.71317798070783,-0.14637576864373522,0.9015776255112801,50.00476425982108
2026-05-01 22:59:01.333984,MT_000073,1.8481151363053974,232.32318598126622,-0.05442235498124921,0.8854943099148803,50.03461732658163
2026-05-01 23:14:01.333984,MT_000073,1.264590284358896,232.99212790737448,0.024119679229302308,0.8633624830269679,49.9893228027355
2026-05-01 23:29:01.333984,MT_000073,2.7328805163293377,233.33143349165945,0.14186559159970039,0.8986816092833456,49.98692796838584
2026-05-01 23:44:01.333984,MT_000073,3.3387127732755735,223.30616098290596,-0.07824182073781387,0.8217883833996288,50.0002327686792
2026-05-01 23:59:01.333984,MT_000073,2.597173177558578,234.60923208584933,-0.005629509033175757,0.8703198056470212,49.82647620664206
2026-05-02 00:14:01.333984,MT_000073,1.859383060932612,226.5149391121464,-0.20577253162760123,0.7744570894392198,50.01099004733934
2026-05-02 00:29:01.333984,MT_000073,2.9646218864818983,230.07700377406996,0.04795249775153253,0.8544235077032692,49.89888258476146
2026-05-02 00:44:01.333984,MT_000073,2.9372334139917795,227.5467763046312,-0.07308415561071173,0.9079272348659924,50.049368083493796
2026-05-02 00:59:01.333984,MT_000073,4.0474363224640415,232.67646797614466,0.07940814287185916,0.8148456502156448,50.0375192361054
2026-05-02 01:14:01.333984,MT_000073,2.532114733081732,231.394829593942,0.04707242415484153,0.9479582119640549,49.8693749288502
2026-05-02 01:29:01.333984,MT_000073,3.3624598410972926,229.39275224696053,0.24082096398417163,0.898487083415098,50.08697419538134
2026-05-02 01:44:01.333984,MT_000073,1.446114327690445,228.76210776202686,0.12137595415120467,0.8032938376965161,49.965845567482674
2026-05-02 01:59:01.333984,MT_000073,2.9654627955534933,226.097430216353,0.18087747173809154,0.7451568278729808,50.06484004227891
2026-05-02 02:14:01.333984,MT_000073,3.3751847509592814,231.858083038187,0.1567377012208493,0.7343112052115679,49.93942861859338
2026-05-02 02:29:01.333984,MT_000073,1.9581074454136458,234.30832274101905,-0.12123844274879636,0.8499990048950794,50.131155461193565
2026-05-02 02:44:01.333984,MT_000073,3.0550524648000943,227.4682859198876,0.024818349746945488,0.8675110596992202,49.92962742526765
2026-05-02 02:59:01.333984,MT_000073,1.2479051332183713,233.06341508973082,0.09640952649935924,0.8443004601356089,50.116083754402474
2026-05-02 03:14:01.333984,MT_000073,1.6789027389808129,232.44337707929498,0.17651087376766994,0.8636395178091644,50.010302987710766
2026-05-02 03:29:01.333984,MT_000073,1.4767216602969313,233.14802754196788,0.06859118583383558,0.8326048071982943,50.02289748526953
2026-05-02 03:44:01.333984,MT_000073,3.404124838322581,241.00501722621357,-0.003011928333695889,0.796918432203181,50.01795575552297
2026-05-02 03:59:01.333984,MT_000073,0.07841670905861164,231.67680253753048,-0.003921399978859191,0.7941420842683459,50.05509237919664
2026-05-02 04:14:01.333984,MT_000073,3.301252404052663,226.36835964102136,0.04517097353217079,0.8500557545461097,49.83210582462484
2026-05-02 04:29:01.333984,MT_000073,2.02235364189786,230.5123408860778,-0.09255899224853656,0.797919105065977,49.950005140809026
2026-05-02 04:44:01.333984,MT_000073,2.271094478053341,236.42008084221806,0.028136998614502397,0.7439008149892551,50.02447102044814
2026-05-02 04:59:01.333984,MT_000073,3.953178960149626,233.86387144029325,0.01915972258353233,0.8466310196956993,49.96567755229986
2026-05-02 05:14:01.333984,MT_000073,24.198187038840736,238.9471819305881,0.09558678711708204,0.8960867463050439,49.93576498143581
2026-05-02 05:29:01.333984,MT_000073,22.964896742837574,230.0342878822492,-0.018456720015125522,0.7408759513681904,49.915094668994165
2026-05-02 05:44:01.333984,MT_000073,24.328809389098872,222.92966239596123,0.11135679008235458,0.8494752407101888,50.01561285029059
2026-05-02 05:59:01.333984,MT_000073,23.125111385877556,237.34541205411466,-0.03735710275517448,0.8133641343583855,49.96117562118062
2026-05-02 06:14:01.333984,MT_000073,22.962126872757885,227.42345132639304,0.24365107421729526,0.8625056732813707,50.08682344481901
2026-05-02 06:29:01.333984,MT_000073,22.327810159045026,234.5256013011912,0.26399861150586346,0.8659864803204731,49.80964250416187
2026-05-02 06:44:01.333984,MT_000073,23.18634996458116,228.1709842787206,0.10188919424425974,0.8309556612834479,50.01689022068058
2026-05-02 06:59:01.333984,MT_000073,25.330744240138166,229.92058286964814,-0.0034085919445745183,0.8241086893935801,50.098965504930995
2026-05-02 07:14:01.333984,MT_000073,25.11812920430645,234.3448296635789,0.022394788674482566,0.8772121166846555,50.02532203892962
2026-05-02 07:29:01.333984,MT_000073,23.93258325809724,225.09756749219525,0.19344901275184342,0.867619570966042,49.931654285223814
2026-05-02 07:44:01.333984,MT_000073,25.178046443252754,226.4786567542525,0.11696481279133598,0.8808925019979945,50.00094665161871
2026-05-02 07:59:01.333984,MT_000073,23.160511197080996,227.02407848081577,-0.05059912311326856,0.7978187940885787,49.964212722464914
2026-05-02 08:14:01.333984,MT_000073,4.075915328765403,231.97423338473885,-0.25006308279691214,0.8523580781554247,50.024182666999614
2026-05-02 08:29:01.333984,MT_000073,6.522503191025262,232.63244564213326,0.0033634591060738676,0.8808986373468969,50.120027110490014
2026-05-02 08:44:01.333984,MT_000073,4.990383922844991,232.13209102762946,-0.10040551079927433,0.8501847958557796,49.84906437107476
2026-05-02 08:59:01.333984,MT_000073,5.931825085129328,239.48621854845695,0.12863340304539853,0.9351126393340214,49.744767226699274
2026-05-02 09:14:01.333984,MT_000073,4.053684590042655,241.5843761230143,0.19817126685415976,0.810642780498468,50.23175235774705
2026-05-02 09:29:01.333984,MT_000073,3.9801375301298267,231.7681978277825,0.20705813601281653,0.8293310364374161,49.85420096076635
2026-05-02 09:44:01.333984,MT_000073,5.407652432243879,235.3562646160229,0.09159612379030169,0.819003718018891,50.043164464555545
2026-05-02 09:59:01.333984,MT_000073,6.255553686078909,226.77467215989176,0.08834642695701703,0.8013806274738443,50.06160833313803
2026-05-02 10:14:01.333984,MT_000073,5.386857776950518,228.293037163513,-0.22605076894784729,0.9056530155452505,49.78604808615907
2026-05-02 10:29:01.333984,MT_000073,6.467844295815335,226.38255213374507,-0.18731784180635627,0.9341698918281006,49.95040343345301
2026-05-02 10:44:01.333984,MT_000073,3.5589968068787607,226.04569171387814,0.11523169149619535,0.7870123681886352,50.042949597789914
2026-05-02 10:59:01.333984,MT_000073,4.9579476249967245,228.78093542061103,0.01818055855430281,0.8084707239613977,50.01063579860999
2026-05-02 11:14:01.333984,MT_000073,5.981681228274128,233.43527055440805,-0.13433929769705188,0.9515472242182216,50.080901300399695
2026-05-02 11:29:01.333984,MT_000073,4.694043952849859,228.5776917705335,0.14375521333328137,0.8502963659663635,50.069890645975875
2026-05-02 11:44:01.333984,MT_000073,4.9033436311594985,219.15567483230055,-0.030183596595801165,0.8788005810031636,50.06008998075722
2026-05-02 11:59:01.333984,MT_000073,5.1818642434884055,227.91515502699747,0.1192828213635268,0.7747288175523032,50.03144787411447
2026-05-02 12:14:01.333984,MT_000073,3.6726801226014745,229.16612441798875,0.2230015223578866,0.8138108949241613,49.86545244740613
2026-05-02 12:29:01.333984,MT_000073,3.5918207939174533,222.24603271489522,0.03383856219108218,0.9080519216372694,50.11108025841969
2026-05-02 12:44:01.333984,MT_000073,7.006130795660528,235.41188758518655,0.1833040185116446,0.8674850894984588,49.94821550633912
2026-05-02 12:59:01.333984,MT_000073,6.064269170810503,232.5295515207724,0.0767232589159665,0.8870657348195348,50.011351712859714
2026-05-02 13:14:01.333984,MT_000073,5.002979039748774,228.07550913715156,0.17478916300277667,0.8928713237388424,50.16284229253376
2026-05-02 13:29:01.333984,MT_000073,3.745589139658322,226.69328260345543,-0.011896047104194642,0.9048980502631194,49.984965782817085
2026-05-02 13:44:01.333984,MT_000073,4.305191716328628,230.92315930806123,0.04594083132394433,0.8277429446938518,49.993799073472815
2026-05-02 13:59:01.333984,MT_000073,4.7400552376839995,220.94299431292046,0.022071183257083925,0.9104967494258634,49.96431237116976
2026-05-02 14:14:01.333984,MT_000073,5.747361976109037,227.05637633861147,0.10021788697836419,0.8731600150553246,50.00381880045641
2026-05-02 14:29:01.333984,MT_000073,5.0311127716866295,230.536589414767,0.10022725347256538,0.9412662579457647,50.00521917436134
2026-05-02 14:44:01.333984,MT_000073,6.196159426950519,238.62842148469358,-0.030098812839848003,0.8077912970765199,50.01925801821301
2026-05-02 14:59:01.333984,MT_000073,4.0113812155080355,235.3929677378332,0.12130183520868451,0.8754499541139978,49.9461174176008
2026-05-02 15:14:01.333984,MT_000073,5.601964856483311,222.63665724628385,0.1321509825028682,0.7888171987252828,50.06439692458442
2026-05-02 15:29:01.333984,MT_000073,4.004594962436499,241.61757469953653,0.014640338408127024,0.824617767071995,49.927462920027104
2026-05-02 15:44:01.333984,MT_000073,4.827419053923711,226.92674737974565,-0.283776139017009,0.8301123714817147,50.01665725473404
2026-05-02 15:59:01.333984,MT_000073,5.54624118236057,229.35010349735958,-0.03967479291398053,0.8493220472680333,50.06863407650422
2026-05-02 16:14:01.333984,MT_000073,5.034278756330099,235.0251173991194,0.009382123100070604,0.9081288388637642,49.88278360293849
2026-05-02 16:29:01.333984,MT_000073,5.429648185827411,226.84700119657296,-0.04135666525721721,0.941793468635922,50.235660857328696
2026-05-02 16:44:01.333984,MT_000073,6.227481566990152,236.0920200491874,-0.0002862294991566698,0.8865602941151693,50.09762311403297
2026-05-02 16:59:01.333984,MT_000073,5.895465116221551,229.27971754875804,0.3760875760501669,0.8467692141526457,49.91228637086952
2026-05-02 17:14:01.333984,MT_000073,,225.6243873642736,0.01364388702894568,0.8638039545262226,50.06123884464424
2026-05-02 17:29:01.333984,MT_000073,4.685589228777513,233.56485060770163,0.0382501074916307,0.7377170927724456,49.92245447564714
2026-05-02 17:44:01.333984,MT_000073,5.389014120526586,225.8377043215629,-0.0069803520189361985,0.8545003242003218,50.02478366475554
2026-05-02 17:59:01.333984,MT_000073,5.524200119676189,221.04651458664247,-0.014400301780093688,0.8342632048088785,50.059595127513035
2026-05-02 18:14:01.333984,MT_000073,24.095835499606295,223.23008064452404,0.1766591722332187,0.824740647474025,49.98519935231968
2026-05-02 18:29:01.333984,MT_000073,24.327208882928392,233.92279048613392,0.07386273675708906,0.8763384343135648,49.997523047171725
2026-05-02 18:44:01.333984,MT_000073,23.14996493237028,228.90710968025874,0.1091424934687419,0.9459611135705019,50.00782827012315
2026-05-02 18:59:01.333984,MT_000073,24.34405295075072,233.42427004894546,0.11427794791167334,0.945181904843299,49.997014975174395
2026-05-02 19:14:01.333984,MT_000073,22.821123093682612,227.7084051818374,0.05303004040761129,0.9038868515335797,49.902690624699034
2026-05-02 19:29:01.333984,MT_000073,21.93006155568466,230.58087984778174,-0.003965811048490864,0.8919349186557882,50.072193761720605
2026-05-02 19:44:01.333984,MT_000073,22.41489334493688,232.1039388068991,0.17715332692529295,0.8078323554649577,50.06214093016008
2026-05-02 19:59:01.333984,MT_000073,24.543271172104607,226.06555809218142,0.22022827727720357,0.7273509466437167,50.000607067405966
2026-05-02 20:14:01.333984,MT_000073,23.950351430470988,220.1567210542154,0.042689332940898994,0.9194605856113754,49.99601148665206
2026-05-02 20:29:01.333984,MT_000073,22.734314175418223,237.73221330172433,-0.013298557552584772,0.8657861328279304,49.916273337382506
2026-05-02 20:44:01.333984,MT_000073,23.63901683535258,231.25231256710646,0.17867648498382993,0.8514812083007395,49.95424754686154
2026-05-02 20:59:01.333984,MT_000073,24.454575836385455,234.4237663656821,0.2854619445594547,0.9148092171070974,50.04309706805964
2026-05-02 21:14:01.333984,MT_000073,1.8774180946296237,223.05424820719293,0.005060787647343957,0.8321063727570364,49.89158036844224
2026-05-02 21:29:01.333984,MT_000073,3.281236870967885,228.74239118329737,0.06728621290040773,0.8667276611921834,50.03741388669798
2026-05-02 21:44:01.333984,MT_000073,2.546627408407809,234.9723673043063,0.05599630411484255,0.8446735472148041,49.94942949443058
2026-05-02 21:59:01.333984,MT_000073,4.5863600286690005,219.0850865639144,0.011396143520310355,0.9215931620036876,50.05393828871012
2026-05-02 22:14:01.333984,MT_000073,3.987756352267086,231.73795002296563,0.020278753876841832,0.9080481634420949,50.034436226409746
2026-05-02 22:29:01.333984,MT_000073,0.19046861948633387,225.8537254742627,0.14458289645288092,0.8115885151390141,50.0581006476572
2026-05-02 22:44:01.333984,MT_000073,2.5442031810041708,238.61197145414246,-0.08129766157461525,0.9136728979022948,50.023410859681604
2026-05-02 22:59:01.333984,MT_000073,0.3151290986114592,236.64044275064347,0.025776942989977975,0.8381978168872962,49.88179130512017
2026-05-02 23:14:01.333984,MT_000073,1.6677529751249331,224.68563793001528,0.03965892216876441,0.861038389762175,50.07088220899208
2026-05-02 23:29:01.333984,MT_000073,2.331679068651084,228.6852105232884,0.07698005208177976,0.8219271905394079,49.880988575415195
2026-05-02 23:44:01.333984,MT_000073,1.78692514702158,229.87982232531874,0.07182745810918396,0.8694537342615697,49.85021730306357
2026-05-02 23:59:01.333984,MT_000073,2.9242986341047454,233.2131374548964,0.23968331864602346,0.7802215334695026,49.80787003002174
2026-05-03 00:14:01.333984,MT_000073,3.481175041754818,224.68008180567472,0.01942869478710446,0.8520733613672813,49.780388585915304
2026-05-03 00:29:01.333984,MT_000073,3.0605435370674896,226.57645805124818,0.10729971854895058,0.8844557128914703,49.777971609597124
2026-05-03 00:44:01.333984,MT_000073,2.1190428448876877,229.94726538489033,-0.0896696007489342,0.8421213826793513,49.870333890342785
2026-05-03 00:59:01.333984,MT_000073,2.57846079781642,228.0690807755438,-0.009920332373977488,0.8548545665682208,49.97664633475011
2026-05-03 01:14:01.333984,MT_000073,4.623130265225475,242.727357960255,-0.1070704471893598,0.8030101531262507,50.015160204701324
2026-05-03 01:29:01.333984,MT_000073,1.387210970504179,228.05611171099878,-0.12238682851411012,0.9988991801854129,49.981896461745436
2026-05-03 01:44:01.333984,MT_000073,2.820264793747474,228.0922455881151,-0.193486620042241,0.837023292417051,50.12348200465897
2026-05-03 01:59:01.333984,MT_000073,2.6292568754168832,226.06627864945634,-0.13451741818536628,0.9470416308605457,50.05504148292928
2026-05-03 02:14:01.333984,MT_000073,0.6977934063822469,222.10247175076188,0.17889996041014414,0.9384937672070517,49.91161073652961
2026-05-03 02:29:01.333984,MT_000073,2.1321803507095423,230.60820425499062,0.010458936874299024,0.8041965209876916,50.00307798655017
2026-05-03 02:44:01.333984,MT_000073,3.2916923530167903,228.7982115288135,0.004686692874202562,0.8988668287075143,50.06065786695697
2026-05-03 02:59:01.333984,MT_000073,,227.33720858087952,0.0886539804552684,0.8433754334198906,49.96091067976926
2026-05-03 03:14:01.333984,MT_000073,2.0611011381432442,224.0943453240249,-0.07701211962417855,0.8512612013598992,50.08444876089545
2026-05-03 03:29:01.333984,MT_000073,2.5482486114216414,231.25455490740165,0.018445655712613127,0.7941233718321743,50.05432020615899
2026-05-03 03:44:01.333984,MT_000073,2.845479658576244,241.97544464682653,0.1930421040785137,0.8875495219649032,50.0023456350427
2026-05-03 03:59:01.333984,MT_000073,3.7641958945826057,232.36690618822936,-0.19248046032816354,0.8247041107369286,49.85214136709779
2026-05-03 04:14:01.333984,MT_000073,3.6940321952947004,228.58199484825354,-0.0014402789130510303,0.899391539892165,50.02842514613341
2026-05-03 04:29:01.333984,MT_000073,2.1384118624368718,224.00920320866456,0.08344003295555544,0.822039821806508,49.94571602866257
2026-05-03 04:44:01.333984,MT_000073,1.8752122833328018,224.6449214495276,0.06648420672666766,0.8652831740243532,49.97671384123589
2026-05-03 04:59:01.333984,MT_000073,2.4337184741357647,229.66317114924883,0.008377695634950605,0.8468247469089429,49.984891147560916
2026-05-03 05:14:01.333984,MT_000073,24.17789065312807,228.55069424353042,-0.11387658519233843,0.8120678982184903,49.82346424890063
2026-05-03 05:29:01.333984,MT_000073,23.386178059722454,232.15272245817317,-0.03897390798837501,0.7890429006705068,49.966208887309215
2026-05-03 05:44:01.333984,MT_000073,21.90071255030508,231.16535306031017,0.1629594076675146,0.9106330379834456,50.129334016040126
2026-05-03 05:59:01.333984,MT_000073,22.936382147123407,238.05379419392224,0.09119695521405147,0.8747069094011013,49.938323319074684
2026-05-03 06:14:01.333984,MT_000073,21.777678008462093,228.00894712793962,0.20136115621481832,0.8418410379753608,49.75999977281685
2026-05-03 06:29:01.333984,MT_000073,24.47061814002869,240.4358174071789,0.15347093306690157,0.9047908484254797,50.031960234739216
2026-05-03 06:44:01.333984,MT_000073,22.259141469030606,235.0966300270289,0.2136169528157902,0.8006284157381292,50.154366344255365
2026-05-03 06:59:01.333984,MT_000073,23.9999176805505,221.77132736494556,0.24870324801499874,0.8263010425425797,49.8828625699813
2026-05-03 07:14:01.333984,MT_000073,23.787565120778268,225.0387781762194,-0.041296226264458585,0.7714864317062285,50.130794028778446
2026-05-03 07:29:01.333984,MT_000073,24.0924775860596,227.1008788603915,-0.07809514502420015,0.9079516747603872,49.965297022785094
2026-05-03 07:44:01.333984,MT_000073,22.940278092375866,228.51107218071982,0.15602636892664687,0.854635540304604,49.854419022463674
2026-05-03 07:59:01.333984,MT_000073,23.678476036237484,231.86201126269205,0.07094064141911186,0.7855368944313446,49.84364616894029
2026-05-03 08:14:01.333984,MT_000073,5.3643813011085735,231.82626590245596,-0.11649277892244837,0.8883579881267563,50.03264437361305
2026-05-03 08:29:01.333984,MT_000073,4.991123416010376,237.04816411838777,0.10174123816411268,0.9523203601473116,50.148782494520056
2026-05-03 08:44:01.333984,MT_000073,4.280166979728888,237.73447114576493,-0.012598925261422454,0.860574378275388,49.91791572946086
2026-05-03 08:59:01.333984,MT_000073,4.651751521251595,233.32461846456982,0.057498480916339065,0.8225571795587514,50.06646992328329
2026-05-03 09:14:01.333984,MT_000073,5.018311152065608,234.57894444346715,0.0743843813314973,0.7582625793884576,50.16337840362985
2026-05-03 09:29:01.333984,MT_000073,3.8116574697499597,225.91044363839598,-0.02026170045489604,0.8607163389939423,49.99649531694159
2026-05-03 09:44:01.333984,MT_000073,6.146238401132701,232.76057376205202,0.11411609427401848,0.843276616038083,50.08041129120956
2026-05-03 09:59:01.333984,MT_000073,4.336385541702141,228.11592348799576,0.027792693105981467,0.7985982317555156,50.03057422922833
2026-05-03 10:14:01.333984,MT_000073,4.914218243158983,230.38576514354682,0.02199722210497932,0.910617643093085,49.85136484514196
2026-05-03 10:29:01.333984,MT_000073,4.845756342642355,229.78197033466498,0.3267138051128524,0.8636095388407571,49.98896684909042
2026-05-03 10:44:01.333984,MT_000073,3.551155068413596,231.28824715988253,0.04779806607886719,0.8972629809888341,49.98149028660999
2026-05-03 10:59:01.333984,MT_000073,3.4170276394146644,227.69685161049077,-0.19495165454399996,0.8633076181559319,49.9570887013086
2026-05-03 11:14:01.333984,MT_000073,6.291201257861519,231.86544891002015,0.05669141968927458,0.8605053825970653,50.01210807777423
2026-05-03 11:29:01.333984,MT_000073,,229.50577582417156,-0.0590005477429901,0.8345780734787833,50.010054959766606
2026-05-03 11:44:01.333984,MT_000073,4.9849599166096095,225.60786063164426,-0.06507201619988039,0.8032180043357442,49.91098605939552
2026-05-03 11:59:01.333984,MT_000073,5.188490927629507,233.89566957002305,-0.06195234075773352,0.8171224218768398,50.10371463972925
2026-05-03 12:14:01.333984,MT_000073,4.22179960604625,223.29514454748585,0.026738634990774925,0.8311120753282139,49.9584327557516
2026-05-03 12:29:01.333984,MT_000073,4.118966953094767,223.83210494832633,0.04584035120030198,0.8212215551420082,49.86313293495531
2026-05-03 12:44:01.333984,MT_000073,4.247166122745922,231.21912191384067,-0.13449137903284825,0.8286124168053922,50.029067423058834
